Voting system;Criterion;Algorithm parameters;Computation time;Rate (lower bound);Rate (upper bound);Number of populations;V;C;Culture type;Culture parameter 1;Culture parameter 1 value;Culture parameter 2;Culture parameter 2 value;Culture parameter 3;Culture parameter 3 value;Culture parameter 4;Culture parameter 4 value
Population;exists_condorcet_admissible;;;0,7544;0,7544;10000;33;5;Spheroid;Stretching;1;;;;;;
Population;exists_weak_condorcet_winner;;;0,7544;0,7544;10000;33;5;Spheroid;Stretching;1;;;;;;
Population;exists_condorcet_winner_rk_ctb;;;0,7544;0,7544;10000;33;5;Spheroid;Stretching;1;;;;;;
Population;exists_condorcet_winner_rk;;;0,7544;0,7544;10000;33;5;Spheroid;Stretching;1;;;;;;
Population;exists_condorcet_winner_ut_rel_ctb;;;0,7544;0,7544;10000;33;5;Spheroid;Stretching;1;;;;;;
Population;exists_condorcet_winner_ut_rel;;;0,7544;0,7544;10000;33;5;Spheroid;Stretching;1;;;;;;
Population;exists_condorcet_winner_ut_abs_ctb;;;0,7544;0,7544;10000;33;5;Spheroid;Stretching;1;;;;;;
Population;exists_condorcet_winner_ut_abs;;;0,7544;0,7544;10000;33;5;Spheroid;Stretching;1;;;;;;
Population;exists_resistant_condorcet_winner;;;0,0037;0,0037;10000;33;5;Spheroid;Stretching;1;;;;;;
Population;exists_condorcet_order_rk_ctb;;;0,5341;0,5341;10000;33;5;Spheroid;Stretching;1;;;;;;
Population;exists_condorcet_order_rk;;;0,5341;0,5341;10000;33;5;Spheroid;Stretching;1;;;;;;
Population;exists_condorcet_order_ut_rel_ctb;;;0,5341;0,5341;10000;33;5;Spheroid;Stretching;1;;;;;;
Population;exists_condorcet_order_ut_rel;;;0,5341;0,5341;10000;33;5;Spheroid;Stretching;1;;;;;;
Population;exists_condorcet_order_ut_abs_ctb;;;0,5341;0,5341;10000;33;5;Spheroid;Stretching;1;;;;;;
Population;exists_condorcet_order_ut_abs;;;0,5341;0,5341;10000;33;5;Spheroid;Stretching;1;;;;;;
Population;exists_majority_favorite_rk_ctb;;;0,0004;0,0004;10000;33;5;Spheroid;Stretching;1
Population;exists_majority_favorite_rk;;;0,0004;0,0004;10000;33;5;Spheroid;Stretching;1
Population;exists_majority_favorite_ut_ctb;;;0,0004;0,0004;10000;33;5;Spheroid;Stretching;1
Population;exists_majority_favorite_ut;;;0,0004;0,0004;10000;33;5;Spheroid;Stretching;1
Population;not_exists_condorcet_admissible;;;0,2456;0,2456;10000;33;5;Spheroid;Stretching;1
Population;not_exists_weak_condorcet_winner;;;0,2456;0,2456;10000;33;5;Spheroid;Stretching;1
Population;not_exists_condorcet_winner_rk_ctb;;;0,2456;0,2456;10000;33;5;Spheroid;Stretching;1
Population;not_exists_condorcet_winner_rk;;;0,2456;0,2456;10000;33;5;Spheroid;Stretching;1
Population;not_exists_condorcet_winner_ut_rel_ctb;;;0,2456;0,2456;10000;33;5;Spheroid;Stretching;1
Population;not_exists_condorcet_winner_ut_rel;;;0,2456;0,2456;10000;33;5;Spheroid;Stretching;1
Population;not_exists_condorcet_winner_ut_abs_ctb;;;0,2456;0,2456;10000;33;5;Spheroid;Stretching;1
Population;not_exists_condorcet_winner_ut_abs;;;0,2456;0,2456;10000;33;5;Spheroid;Stretching;1
Population;not_exists_resistant_condorcet_winner;;;0,9963;0,9963;10000;33;5;Spheroid;Stretching;1
Population;not_exists_condorcet_order_rk_ctb;;;0,4659;0,4659;10000;33;5;Spheroid;Stretching;1
Population;not_exists_condorcet_order_rk;;;0,4659;0,4659;10000;33;5;Spheroid;Stretching;1
Population;not_exists_condorcet_order_ut_rel_ctb;;;0,4659;0,4659;10000;33;5;Spheroid;Stretching;1
Population;not_exists_condorcet_order_ut_rel;;;0,4659;0,4659;10000;33;5;Spheroid;Stretching;1
Population;not_exists_condorcet_order_ut_abs_ctb;;;0,4659;0,4659;10000;33;5;Spheroid;Stretching;1
Population;not_exists_condorcet_order_ut_abs;;;0,4659;0,4659;10000;33;5;Spheroid;Stretching;1
Population;not_exists_majority_favorite_rk_ctb;;;0,9996;0,9996;10000;33;5;Spheroid;Stretching;1
Population;not_exists_majority_favorite_rk;;;0,9996;0,9996;10000;33;5;Spheroid;Stretching;1
Population;not_exists_majority_favorite_ut_ctb;;;0,9996;0,9996;10000;33;5;Spheroid;Stretching;1
Population;not_exists_majority_favorite_ut;;;0,9996;0,9996;10000;33;5;Spheroid;Stretching;1
Approval;w_is_condorcet_admissible;;;0,4645;0,4645;10000;33;5;Spheroid;Stretching;1
Approval;w_is_not_condorcet_admissible;;;0,5355;0,5355;10000;33;5;Spheroid;Stretching;1
Approval;w_missed_condorcet_admissible;;;0,2899;0,2899;10000;33;5;Spheroid;Stretching;1
Approval;w_is_weak_condorcet_winner;;;0,4645;0,4645;10000;33;5;Spheroid;Stretching;1
Approval;w_is_not_weak_condorcet_winner;;;0,5355;0,5355;10000;33;5;Spheroid;Stretching;1
Approval;w_missed_weak_condorcet_winner;;;0,2899;0,2899;10000;33;5;Spheroid;Stretching;1
Approval;w_is_condorcet_winner_rk_ctb;;;0,4645;0,4645;10000;33;5;Spheroid;Stretching;1
Approval;w_is_not_condorcet_winner_rk_ctb;;;0,5355;0,5355;10000;33;5;Spheroid;Stretching;1
Approval;w_missed_condorcet_winner_rk_ctb;;;0,2899;0,2899;10000;33;5;Spheroid;Stretching;1
Approval;w_is_condorcet_winner_rk;;;0,4645;0,4645;10000;33;5;Spheroid;Stretching;1
Approval;w_is_not_condorcet_winner_rk;;;0,5355;0,5355;10000;33;5;Spheroid;Stretching;1
Approval;w_missed_condorcet_winner_rk;;;0,2899;0,2899;10000;33;5;Spheroid;Stretching;1
Approval;w_is_condorcet_winner_ut_rel_ctb;;;0,4645;0,4645;10000;33;5;Spheroid;Stretching;1
Approval;w_is_not_condorcet_winner_ut_rel_ctb;;;0,5355;0,5355;10000;33;5;Spheroid;Stretching;1
Approval;w_missed_condorcet_winner_ut_rel_ctb;;;0,2899;0,2899;10000;33;5;Spheroid;Stretching;1
Approval;w_is_condorcet_winner_ut_rel;;;0,4645;0,4645;10000;33;5;Spheroid;Stretching;1
Approval;w_is_not_condorcet_winner_ut_rel;;;0,5355;0,5355;10000;33;5;Spheroid;Stretching;1
Approval;w_missed_condorcet_winner_ut_rel;;;0,2899;0,2899;10000;33;5;Spheroid;Stretching;1
Approval;w_is_condorcet_winner_ut_abs_ctb;;;0,4645;0,4645;10000;33;5;Spheroid;Stretching;1
Approval;w_is_not_condorcet_winner_ut_abs_ctb;;;0,5355;0,5355;10000;33;5;Spheroid;Stretching;1
Approval;w_missed_condorcet_winner_ut_abs_ctb;;;0,2899;0,2899;10000;33;5;Spheroid;Stretching;1
Approval;w_is_condorcet_winner_ut_abs;;;0,4645;0,4645;10000;33;5;Spheroid;Stretching;1
Approval;w_is_not_condorcet_winner_ut_abs;;;0,5355;0,5355;10000;33;5;Spheroid;Stretching;1
Approval;w_missed_condorcet_winner_ut_abs;;;0,2899;0,2899;10000;33;5;Spheroid;Stretching;1
Approval;w_is_resistant_condorcet_winner;;;0,0036;0,0036;10000;33;5;Spheroid;Stretching;1
Approval;w_is_not_resistant_condorcet_winner;;;0,9964;0,9964;10000;33;5;Spheroid;Stretching;1
Approval;w_missed_resistant_condorcet_winner;;;0,0001;0,0001;10000;33;5;Spheroid;Stretching;1
Approval;TM;CM_option = exact;2,863196;0,9956;0,9956;10000;33;5;Spheroid;Stretching;1
Approval;UM;CM_option = exact;0,245014;0,9956;0,9956;10000;33;5;Spheroid;Stretching;1
Approval;ICM;ICM_option = exact;0,93006;0,5355;0,5355;10000;33;5;Spheroid;Stretching;1
Approval;CM;CM_option = exact;0,227016;0,9956;0,9956;10000;33;5;Spheroid;Stretching;1
Baldwin;w_is_condorcet_admissible;;;0,7544;0,7544;10000;33;5;Spheroid;Stretching;1
Baldwin;w_is_not_condorcet_admissible;;;0,2456;0,2456;10000;33;5;Spheroid;Stretching;1
Baldwin;w_missed_condorcet_admissible;;;0;0;10000;33;5;Spheroid;Stretching;1
Baldwin;w_is_weak_condorcet_winner;;;0,7544;0,7544;10000;33;5;Spheroid;Stretching;1
Baldwin;w_is_not_weak_condorcet_winner;;;0,2456;0,2456;10000;33;5;Spheroid;Stretching;1
Baldwin;w_missed_weak_condorcet_winner;;;0;0;10000;33;5;Spheroid;Stretching;1
Baldwin;w_is_condorcet_winner_rk_ctb;;;0,7544;0,7544;10000;33;5;Spheroid;Stretching;1
Baldwin;w_is_not_condorcet_winner_rk_ctb;;;0,2456;0,2456;10000;33;5;Spheroid;Stretching;1
Baldwin;w_missed_condorcet_winner_rk_ctb;;;0;0;10000;33;5;Spheroid;Stretching;1
Baldwin;w_is_condorcet_winner_rk;;;0,7544;0,7544;10000;33;5;Spheroid;Stretching;1
Baldwin;w_is_not_condorcet_winner_rk;;;0,2456;0,2456;10000;33;5;Spheroid;Stretching;1
Baldwin;w_missed_condorcet_winner_rk;;;0;0;10000;33;5;Spheroid;Stretching;1
Baldwin;w_is_condorcet_winner_ut_rel_ctb;;;0,7544;0,7544;10000;33;5;Spheroid;Stretching;1
Baldwin;w_is_not_condorcet_winner_ut_rel_ctb;;;0,2456;0,2456;10000;33;5;Spheroid;Stretching;1
Baldwin;w_missed_condorcet_winner_ut_rel_ctb;;;0;0;10000;33;5;Spheroid;Stretching;1
Baldwin;w_is_condorcet_winner_ut_rel;;;0,7544;0,7544;10000;33;5;Spheroid;Stretching;1
Baldwin;w_is_not_condorcet_winner_ut_rel;;;0,2456;0,2456;10000;33;5;Spheroid;Stretching;1
Baldwin;w_missed_condorcet_winner_ut_rel;;;0;0;10000;33;5;Spheroid;Stretching;1
Baldwin;w_is_condorcet_winner_ut_abs_ctb;;;0,7544;0,7544;10000;33;5;Spheroid;Stretching;1
Baldwin;w_is_not_condorcet_winner_ut_abs_ctb;;;0,2456;0,2456;10000;33;5;Spheroid;Stretching;1
Baldwin;w_missed_condorcet_winner_ut_abs_ctb;;;0;0;10000;33;5;Spheroid;Stretching;1
Baldwin;w_is_condorcet_winner_ut_abs;;;0,7544;0,7544;10000;33;5;Spheroid;Stretching;1
Baldwin;w_is_not_condorcet_winner_ut_abs;;;0,2456;0,2456;10000;33;5;Spheroid;Stretching;1
Baldwin;w_missed_condorcet_winner_ut_abs;;;0;0;10000;33;5;Spheroid;Stretching;1
Baldwin;w_is_resistant_condorcet_winner;;;0,0037;0,0037;10000;33;5;Spheroid;Stretching;1
Baldwin;w_is_not_resistant_condorcet_winner;;;0,9963;0,9963;10000;33;5;Spheroid;Stretching;1
Baldwin;w_missed_resistant_condorcet_winner;;;0;0;10000;33;5;Spheroid;Stretching;1
Baldwin;TM;TM_option = exact;19,753719;0,8705;0,8705;10000;33;5;Spheroid;Stretching;1
Baldwin;UM;UM_option = exact;823,627044;0,8658;0,8658;10000;33;5;Spheroid;Stretching;1
Baldwin;ICM;ICM_option = exact;0,912056;0,2456;0,2456;10000;33;5;Spheroid;Stretching;1
Baldwin;CM;CM_option = lazy, UM_option = exact, TM_option = exact;2,86667;0,8828;0,9963;10000;33;5;Spheroid;Stretching;1
Borda;w_is_condorcet_admissible;;;0,6444;0,6444;10000;33;5;Spheroid;Stretching;1
Borda;w_is_not_condorcet_admissible;;;0,3556;0,3556;10000;33;5;Spheroid;Stretching;1
Borda;w_missed_condorcet_admissible;;;0,11;0,11;10000;33;5;Spheroid;Stretching;1
Borda;w_is_weak_condorcet_winner;;;0,6444;0,6444;10000;33;5;Spheroid;Stretching;1
Borda;w_is_not_weak_condorcet_winner;;;0,3556;0,3556;10000;33;5;Spheroid;Stretching;1
Borda;w_missed_weak_condorcet_winner;;;0,11;0,11;10000;33;5;Spheroid;Stretching;1
Borda;w_is_condorcet_winner_rk_ctb;;;0,6444;0,6444;10000;33;5;Spheroid;Stretching;1
Borda;w_is_not_condorcet_winner_rk_ctb;;;0,3556;0,3556;10000;33;5;Spheroid;Stretching;1
Borda;w_missed_condorcet_winner_rk_ctb;;;0,11;0,11;10000;33;5;Spheroid;Stretching;1
Borda;w_is_condorcet_winner_rk;;;0,6444;0,6444;10000;33;5;Spheroid;Stretching;1
Borda;w_is_not_condorcet_winner_rk;;;0,3556;0,3556;10000;33;5;Spheroid;Stretching;1
Borda;w_missed_condorcet_winner_rk;;;0,11;0,11;10000;33;5;Spheroid;Stretching;1
Borda;w_is_condorcet_winner_ut_rel_ctb;;;0,6444;0,6444;10000;33;5;Spheroid;Stretching;1
Borda;w_is_not_condorcet_winner_ut_rel_ctb;;;0,3556;0,3556;10000;33;5;Spheroid;Stretching;1
Borda;w_missed_condorcet_winner_ut_rel_ctb;;;0,11;0,11;10000;33;5;Spheroid;Stretching;1
Borda;w_is_condorcet_winner_ut_rel;;;0,6444;0,6444;10000;33;5;Spheroid;Stretching;1
Borda;w_is_not_condorcet_winner_ut_rel;;;0,3556;0,3556;10000;33;5;Spheroid;Stretching;1
Borda;w_missed_condorcet_winner_ut_rel;;;0,11;0,11;10000;33;5;Spheroid;Stretching;1
Borda;w_is_condorcet_winner_ut_abs_ctb;;;0,6444;0,6444;10000;33;5;Spheroid;Stretching;1
Borda;w_is_not_condorcet_winner_ut_abs_ctb;;;0,3556;0,3556;10000;33;5;Spheroid;Stretching;1
Borda;w_missed_condorcet_winner_ut_abs_ctb;;;0,11;0,11;10000;33;5;Spheroid;Stretching;1
Borda;w_is_condorcet_winner_ut_abs;;;0,6444;0,6444;10000;33;5;Spheroid;Stretching;1
Borda;w_is_not_condorcet_winner_ut_abs;;;0,3556;0,3556;10000;33;5;Spheroid;Stretching;1
Borda;w_missed_condorcet_winner_ut_abs;;;0,11;0,11;10000;33;5;Spheroid;Stretching;1
Borda;w_is_resistant_condorcet_winner;;;0,0037;0,0037;10000;33;5;Spheroid;Stretching;1
Borda;w_is_not_resistant_condorcet_winner;;;0,9963;0,9963;10000;33;5;Spheroid;Stretching;1
Borda;w_missed_resistant_condorcet_winner;;;0;0;10000;33;5;Spheroid;Stretching;1
Borda;TM;TM_option = exact;15,964473;0,997;0,997;10000;33;5;Spheroid;Stretching;1
Borda;UM;UM_option = exact;2,737164;0,9908;0,9908;10000;33;5;Spheroid;Stretching;1
Borda;ICM;ICM_option = fast;2,686705;0,0003;0,0003;10000;33;5;Spheroid;Stretching;1
Borda;CM;CM_option = fast, UM_option = exact, TM_option = exact;1,241571;0,997;0,997;10000;33;5;Spheroid;Stretching;1
Bucklin;w_is_condorcet_admissible;;;0,5495;0,5495;10000;33;5;Spheroid;Stretching;1
Bucklin;w_is_not_condorcet_admissible;;;0,4505;0,4505;10000;33;5;Spheroid;Stretching;1
Bucklin;w_missed_condorcet_admissible;;;0,2049;0,2049;10000;33;5;Spheroid;Stretching;1
Bucklin;w_is_weak_condorcet_winner;;;0,5495;0,5495;10000;33;5;Spheroid;Stretching;1
Bucklin;w_is_not_weak_condorcet_winner;;;0,4505;0,4505;10000;33;5;Spheroid;Stretching;1
Bucklin;w_missed_weak_condorcet_winner;;;0,2049;0,2049;10000;33;5;Spheroid;Stretching;1
Bucklin;w_is_condorcet_winner_rk_ctb;;;0,5495;0,5495;10000;33;5;Spheroid;Stretching;1
Bucklin;w_is_not_condorcet_winner_rk_ctb;;;0,4505;0,4505;10000;33;5;Spheroid;Stretching;1
Bucklin;w_missed_condorcet_winner_rk_ctb;;;0,2049;0,2049;10000;33;5;Spheroid;Stretching;1
Bucklin;w_is_condorcet_winner_rk;;;0,5495;0,5495;10000;33;5;Spheroid;Stretching;1
Bucklin;w_is_not_condorcet_winner_rk;;;0,4505;0,4505;10000;33;5;Spheroid;Stretching;1
Bucklin;w_missed_condorcet_winner_rk;;;0,2049;0,2049;10000;33;5;Spheroid;Stretching;1
Bucklin;w_is_condorcet_winner_ut_rel_ctb;;;0,5495;0,5495;10000;33;5;Spheroid;Stretching;1
Bucklin;w_is_not_condorcet_winner_ut_rel_ctb;;;0,4505;0,4505;10000;33;5;Spheroid;Stretching;1
Bucklin;w_missed_condorcet_winner_ut_rel_ctb;;;0,2049;0,2049;10000;33;5;Spheroid;Stretching;1
Bucklin;w_is_condorcet_winner_ut_rel;;;0,5495;0,5495;10000;33;5;Spheroid;Stretching;1
Bucklin;w_is_not_condorcet_winner_ut_rel;;;0,4505;0,4505;10000;33;5;Spheroid;Stretching;1
Bucklin;w_missed_condorcet_winner_ut_rel;;;0,2049;0,2049;10000;33;5;Spheroid;Stretching;1
Bucklin;w_is_condorcet_winner_ut_abs_ctb;;;0,5495;0,5495;10000;33;5;Spheroid;Stretching;1
Bucklin;w_is_not_condorcet_winner_ut_abs_ctb;;;0,4505;0,4505;10000;33;5;Spheroid;Stretching;1
Bucklin;w_missed_condorcet_winner_ut_abs_ctb;;;0,2049;0,2049;10000;33;5;Spheroid;Stretching;1
Bucklin;w_is_condorcet_winner_ut_abs;;;0,5495;0,5495;10000;33;5;Spheroid;Stretching;1
Bucklin;w_is_not_condorcet_winner_ut_abs;;;0,4505;0,4505;10000;33;5;Spheroid;Stretching;1
Bucklin;w_missed_condorcet_winner_ut_abs;;;0,2049;0,2049;10000;33;5;Spheroid;Stretching;1
Bucklin;w_is_resistant_condorcet_winner;;;0,0037;0,0037;10000;33;5;Spheroid;Stretching;1
Bucklin;w_is_not_resistant_condorcet_winner;;;0,9963;0,9963;10000;33;5;Spheroid;Stretching;1
Bucklin;w_missed_resistant_condorcet_winner;;;0;0;10000;33;5;Spheroid;Stretching;1
Bucklin;TM;TM_option = exact;16,140965;0,9357;0,9357;10000;33;5;Spheroid;Stretching;1
Bucklin;UM;UM_option = exact;3,71124;0,931;0,931;10000;33;5;Spheroid;Stretching;1
Bucklin;ICM;ICM_option = exact;0,953569;0,4505;0,4505;10000;33;5;Spheroid;Stretching;1
Bucklin;CM;CM_option = exact;2,038615;0,9716;0,9716;10000;33;5;Spheroid;Stretching;1
Condorcet Sum Defeats;w_is_condorcet_admissible;;;0,7544;0,7544;10000;33;5;Spheroid;Stretching;1
Condorcet Sum Defeats;w_is_not_condorcet_admissible;;;0,2456;0,2456;10000;33;5;Spheroid;Stretching;1
Condorcet Sum Defeats;w_missed_condorcet_admissible;;;0;0;10000;33;5;Spheroid;Stretching;1
Condorcet Sum Defeats;w_is_weak_condorcet_winner;;;0,7544;0,7544;10000;33;5;Spheroid;Stretching;1
Condorcet Sum Defeats;w_is_not_weak_condorcet_winner;;;0,2456;0,2456;10000;33;5;Spheroid;Stretching;1
Condorcet Sum Defeats;w_missed_weak_condorcet_winner;;;0;0;10000;33;5;Spheroid;Stretching;1
Condorcet Sum Defeats;w_is_condorcet_winner_rk_ctb;;;0,7544;0,7544;10000;33;5;Spheroid;Stretching;1
Condorcet Sum Defeats;w_is_not_condorcet_winner_rk_ctb;;;0,2456;0,2456;10000;33;5;Spheroid;Stretching;1
Condorcet Sum Defeats;w_missed_condorcet_winner_rk_ctb;;;0;0;10000;33;5;Spheroid;Stretching;1
Condorcet Sum Defeats;w_is_condorcet_winner_rk;;;0,7544;0,7544;10000;33;5;Spheroid;Stretching;1
Condorcet Sum Defeats;w_is_not_condorcet_winner_rk;;;0,2456;0,2456;10000;33;5;Spheroid;Stretching;1
Condorcet Sum Defeats;w_missed_condorcet_winner_rk;;;0;0;10000;33;5;Spheroid;Stretching;1
Condorcet Sum Defeats;w_is_condorcet_winner_ut_rel_ctb;;;0,7544;0,7544;10000;33;5;Spheroid;Stretching;1
Condorcet Sum Defeats;w_is_not_condorcet_winner_ut_rel_ctb;;;0,2456;0,2456;10000;33;5;Spheroid;Stretching;1
Condorcet Sum Defeats;w_missed_condorcet_winner_ut_rel_ctb;;;0;0;10000;33;5;Spheroid;Stretching;1
Condorcet Sum Defeats;w_is_condorcet_winner_ut_rel;;;0,7544;0,7544;10000;33;5;Spheroid;Stretching;1
Condorcet Sum Defeats;w_is_not_condorcet_winner_ut_rel;;;0,2456;0,2456;10000;33;5;Spheroid;Stretching;1
Condorcet Sum Defeats;w_missed_condorcet_winner_ut_rel;;;0;0;10000;33;5;Spheroid;Stretching;1
Condorcet Sum Defeats;w_is_condorcet_winner_ut_abs_ctb;;;0,7544;0,7544;10000;33;5;Spheroid;Stretching;1
Condorcet Sum Defeats;w_is_not_condorcet_winner_ut_abs_ctb;;;0,2456;0,2456;10000;33;5;Spheroid;Stretching;1
Condorcet Sum Defeats;w_missed_condorcet_winner_ut_abs_ctb;;;0;0;10000;33;5;Spheroid;Stretching;1
Condorcet Sum Defeats;w_is_condorcet_winner_ut_abs;;;0,7544;0,7544;10000;33;5;Spheroid;Stretching;1
Condorcet Sum Defeats;w_is_not_condorcet_winner_ut_abs;;;0,2456;0,2456;10000;33;5;Spheroid;Stretching;1
Condorcet Sum Defeats;w_missed_condorcet_winner_ut_abs;;;0;0;10000;33;5;Spheroid;Stretching;1
Condorcet Sum Defeats;w_is_resistant_condorcet_winner;;;0,0037;0,0037;10000;33;5;Spheroid;Stretching;1
Condorcet Sum Defeats;w_is_not_resistant_condorcet_winner;;;0,9963;0,9963;10000;33;5;Spheroid;Stretching;1
Condorcet Sum Defeats;w_missed_resistant_condorcet_winner;;;0;0;10000;33;5;Spheroid;Stretching;1
Condorcet Sum Defeats;TM;TM_option = exact;13,772829;0,9582;0,9582;10000;33;5;Spheroid;Stretching;1
Condorcet Sum Defeats;UM;UM_option = exact;125,739721;0,971;0,971;10000;33;5;Spheroid;Stretching;1
Condorcet Sum Defeats;ICM;ICM_option = lazy;0,919046;0,2456;0,2456;10000;33;5;Spheroid;Stretching;1
Condorcet Sum Defeats;CM;CM_option = lazy, UM_option = exact, TM_option = exact;1,772099;0,971;0,9963;10000;33;5;Spheroid;Stretching;1
Coombs;w_is_condorcet_admissible;;;0,6784;0,6784;10000;33;5;Spheroid;Stretching;1
Coombs;w_is_not_condorcet_admissible;;;0,3216;0,3216;10000;33;5;Spheroid;Stretching;1
Coombs;w_missed_condorcet_admissible;;;0,076;0,076;10000;33;5;Spheroid;Stretching;1
Coombs;w_is_weak_condorcet_winner;;;0,6784;0,6784;10000;33;5;Spheroid;Stretching;1
Coombs;w_is_not_weak_condorcet_winner;;;0,3216;0,3216;10000;33;5;Spheroid;Stretching;1
Coombs;w_missed_weak_condorcet_winner;;;0,076;0,076;10000;33;5;Spheroid;Stretching;1
Coombs;w_is_condorcet_winner_rk_ctb;;;0,6784;0,6784;10000;33;5;Spheroid;Stretching;1
Coombs;w_is_not_condorcet_winner_rk_ctb;;;0,3216;0,3216;10000;33;5;Spheroid;Stretching;1
Coombs;w_missed_condorcet_winner_rk_ctb;;;0,076;0,076;10000;33;5;Spheroid;Stretching;1
Coombs;w_is_condorcet_winner_rk;;;0,6784;0,6784;10000;33;5;Spheroid;Stretching;1
Coombs;w_is_not_condorcet_winner_rk;;;0,3216;0,3216;10000;33;5;Spheroid;Stretching;1
Coombs;w_missed_condorcet_winner_rk;;;0,076;0,076;10000;33;5;Spheroid;Stretching;1
Coombs;w_is_condorcet_winner_ut_rel_ctb;;;0,6784;0,6784;10000;33;5;Spheroid;Stretching;1
Coombs;w_is_not_condorcet_winner_ut_rel_ctb;;;0,3216;0,3216;10000;33;5;Spheroid;Stretching;1
Coombs;w_missed_condorcet_winner_ut_rel_ctb;;;0,076;0,076;10000;33;5;Spheroid;Stretching;1
Coombs;w_is_condorcet_winner_ut_rel;;;0,6784;0,6784;10000;33;5;Spheroid;Stretching;1
Coombs;w_is_not_condorcet_winner_ut_rel;;;0,3216;0,3216;10000;33;5;Spheroid;Stretching;1
Coombs;w_missed_condorcet_winner_ut_rel;;;0,076;0,076;10000;33;5;Spheroid;Stretching;1
Coombs;w_is_condorcet_winner_ut_abs_ctb;;;0,6784;0,6784;10000;33;5;Spheroid;Stretching;1
Coombs;w_is_not_condorcet_winner_ut_abs_ctb;;;0,3216;0,3216;10000;33;5;Spheroid;Stretching;1
Coombs;w_missed_condorcet_winner_ut_abs_ctb;;;0,076;0,076;10000;33;5;Spheroid;Stretching;1
Coombs;w_is_condorcet_winner_ut_abs;;;0,6784;0,6784;10000;33;5;Spheroid;Stretching;1
Coombs;w_is_not_condorcet_winner_ut_abs;;;0,3216;0,3216;10000;33;5;Spheroid;Stretching;1
Coombs;w_missed_condorcet_winner_ut_abs;;;0,076;0,076;10000;33;5;Spheroid;Stretching;1
Coombs;w_is_resistant_condorcet_winner;;;0,0037;0,0037;10000;33;5;Spheroid;Stretching;1
Coombs;w_is_not_resistant_condorcet_winner;;;0,9963;0,9963;10000;33;5;Spheroid;Stretching;1
Coombs;w_missed_resistant_condorcet_winner;;;0;0;10000;33;5;Spheroid;Stretching;1
Coombs;TM;TM_option = exact;11,410631;0,9999;0,9999;10000;33;5;Spheroid;Stretching;1
Coombs;UM;CM_option = exact;1,243083;1;1;10000;33;5;Spheroid;Stretching;1
Coombs;ICM;ICM_option = exact;0,903056;0,3216;0,3216;10000;33;5;Spheroid;Stretching;1
Coombs;CM;CM_option = exact;0,255516;1;1;10000;33;5;Spheroid;Stretching;1
IRV Average;w_is_condorcet_admissible;;;0,648;0,648;10000;33;5;Spheroid;Stretching;1
IRV Average;w_is_not_condorcet_admissible;;;0,352;0,352;10000;33;5;Spheroid;Stretching;1
IRV Average;w_missed_condorcet_admissible;;;0,1064;0,1064;10000;33;5;Spheroid;Stretching;1
IRV Average;w_is_weak_condorcet_winner;;;0,648;0,648;10000;33;5;Spheroid;Stretching;1
IRV Average;w_is_not_weak_condorcet_winner;;;0,352;0,352;10000;33;5;Spheroid;Stretching;1
IRV Average;w_missed_weak_condorcet_winner;;;0,1064;0,1064;10000;33;5;Spheroid;Stretching;1
IRV Average;w_is_condorcet_winner_rk_ctb;;;0,648;0,648;10000;33;5;Spheroid;Stretching;1
IRV Average;w_is_not_condorcet_winner_rk_ctb;;;0,352;0,352;10000;33;5;Spheroid;Stretching;1
IRV Average;w_missed_condorcet_winner_rk_ctb;;;0,1064;0,1064;10000;33;5;Spheroid;Stretching;1
IRV Average;w_is_condorcet_winner_rk;;;0,648;0,648;10000;33;5;Spheroid;Stretching;1
IRV Average;w_is_not_condorcet_winner_rk;;;0,352;0,352;10000;33;5;Spheroid;Stretching;1
IRV Average;w_missed_condorcet_winner_rk;;;0,1064;0,1064;10000;33;5;Spheroid;Stretching;1
IRV Average;w_is_condorcet_winner_ut_rel_ctb;;;0,648;0,648;10000;33;5;Spheroid;Stretching;1
IRV Average;w_is_not_condorcet_winner_ut_rel_ctb;;;0,352;0,352;10000;33;5;Spheroid;Stretching;1
IRV Average;w_missed_condorcet_winner_ut_rel_ctb;;;0,1064;0,1064;10000;33;5;Spheroid;Stretching;1
IRV Average;w_is_condorcet_winner_ut_rel;;;0,648;0,648;10000;33;5;Spheroid;Stretching;1
IRV Average;w_is_not_condorcet_winner_ut_rel;;;0,352;0,352;10000;33;5;Spheroid;Stretching;1
IRV Average;w_missed_condorcet_winner_ut_rel;;;0,1064;0,1064;10000;33;5;Spheroid;Stretching;1
IRV Average;w_is_condorcet_winner_ut_abs_ctb;;;0,648;0,648;10000;33;5;Spheroid;Stretching;1
IRV Average;w_is_not_condorcet_winner_ut_abs_ctb;;;0,352;0,352;10000;33;5;Spheroid;Stretching;1
IRV Average;w_missed_condorcet_winner_ut_abs_ctb;;;0,1064;0,1064;10000;33;5;Spheroid;Stretching;1
IRV Average;w_is_condorcet_winner_ut_abs;;;0,648;0,648;10000;33;5;Spheroid;Stretching;1
IRV Average;w_is_not_condorcet_winner_ut_abs;;;0,352;0,352;10000;33;5;Spheroid;Stretching;1
IRV Average;w_missed_condorcet_winner_ut_abs;;;0,1064;0,1064;10000;33;5;Spheroid;Stretching;1
IRV Average;w_is_resistant_condorcet_winner;;;0,0037;0,0037;10000;33;5;Spheroid;Stretching;1
IRV Average;w_is_not_resistant_condorcet_winner;;;0,9963;0,9963;10000;33;5;Spheroid;Stretching;1
IRV Average;w_missed_resistant_condorcet_winner;;;0;0;10000;33;5;Spheroid;Stretching;1
IRV Average;TM;TM_option = exact;21,988875;0,36;0,36;10000;33;5;Spheroid;Stretching;1
IRV Average;UM;UM_option = exact;1476,94001;0,36;0,36;10000;33;5;Spheroid;Stretching;1
IRV Average;ICM;ICM_option = lazy;0,935052;0,352;0,352;10000;33;5;Spheroid;Stretching;1
IRV Average;CM;CM_option = lazy, UM_option = exact, ICM_option = lazy, TM_option = exact;11,577677;0,36;0,9996;10000;33;5;Spheroid;Stretching;1
IRV Duels;w_is_condorcet_admissible;;;0,7544;0,7544;10000;33;5;Spheroid;Stretching;1
IRV Duels;w_is_not_condorcet_admissible;;;0,2456;0,2456;10000;33;5;Spheroid;Stretching;1
IRV Duels;w_missed_condorcet_admissible;;;0;0;10000;33;5;Spheroid;Stretching;1
IRV Duels;w_is_weak_condorcet_winner;;;0,7544;0,7544;10000;33;5;Spheroid;Stretching;1
IRV Duels;w_is_not_weak_condorcet_winner;;;0,2456;0,2456;10000;33;5;Spheroid;Stretching;1
IRV Duels;w_missed_weak_condorcet_winner;;;0;0;10000;33;5;Spheroid;Stretching;1
IRV Duels;w_is_condorcet_winner_rk_ctb;;;0,7544;0,7544;10000;33;5;Spheroid;Stretching;1
IRV Duels;w_is_not_condorcet_winner_rk_ctb;;;0,2456;0,2456;10000;33;5;Spheroid;Stretching;1
IRV Duels;w_missed_condorcet_winner_rk_ctb;;;0;0;10000;33;5;Spheroid;Stretching;1
IRV Duels;w_is_condorcet_winner_rk;;;0,7544;0,7544;10000;33;5;Spheroid;Stretching;1
IRV Duels;w_is_not_condorcet_winner_rk;;;0,2456;0,2456;10000;33;5;Spheroid;Stretching;1
IRV Duels;w_missed_condorcet_winner_rk;;;0;0;10000;33;5;Spheroid;Stretching;1
IRV Duels;w_is_condorcet_winner_ut_rel_ctb;;;0,7544;0,7544;10000;33;5;Spheroid;Stretching;1
IRV Duels;w_is_not_condorcet_winner_ut_rel_ctb;;;0,2456;0,2456;10000;33;5;Spheroid;Stretching;1
IRV Duels;w_missed_condorcet_winner_ut_rel_ctb;;;0;0;10000;33;5;Spheroid;Stretching;1
IRV Duels;w_is_condorcet_winner_ut_rel;;;0,7544;0,7544;10000;33;5;Spheroid;Stretching;1
IRV Duels;w_is_not_condorcet_winner_ut_rel;;;0,2456;0,2456;10000;33;5;Spheroid;Stretching;1
IRV Duels;w_missed_condorcet_winner_ut_rel;;;0;0;10000;33;5;Spheroid;Stretching;1
IRV Duels;w_is_condorcet_winner_ut_abs_ctb;;;0,7544;0,7544;10000;33;5;Spheroid;Stretching;1
IRV Duels;w_is_not_condorcet_winner_ut_abs_ctb;;;0,2456;0,2456;10000;33;5;Spheroid;Stretching;1
IRV Duels;w_missed_condorcet_winner_ut_abs_ctb;;;0;0;10000;33;5;Spheroid;Stretching;1
IRV Duels;w_is_condorcet_winner_ut_abs;;;0,7544;0,7544;10000;33;5;Spheroid;Stretching;1
IRV Duels;w_is_not_condorcet_winner_ut_abs;;;0,2456;0,2456;10000;33;5;Spheroid;Stretching;1
IRV Duels;w_missed_condorcet_winner_ut_abs;;;0;0;10000;33;5;Spheroid;Stretching;1
IRV Duels;w_is_resistant_condorcet_winner;;;0,0037;0,0037;10000;33;5;Spheroid;Stretching;1
IRV Duels;w_is_not_resistant_condorcet_winner;;;0,9963;0,9963;10000;33;5;Spheroid;Stretching;1
IRV Duels;w_missed_resistant_condorcet_winner;;;0;0;10000;33;5;Spheroid;Stretching;1
IRV Duels;TM;TM_option = exact;22,987404;0,897;0,897;10000;33;5;Spheroid;Stretching;1
IRV Duels;UM;UM_option = exact;461,617908;0,9316;0,9316;10000;33;5;Spheroid;Stretching;1
IRV Duels;ICM;ICM_option = exact;0,911047;0,2456;0,2456;10000;33;5;Spheroid;Stretching;1
IRV Duels;CM;CM_option = lazy, UM_option = exact, TM_option = exact;2,296137;0,9316;0,9963;10000;33;5;Spheroid;Stretching;1
Iterated Bucklin;w_is_condorcet_admissible;;;0,706;0,706;10000;33;5;Spheroid;Stretching;1
Iterated Bucklin;w_is_not_condorcet_admissible;;;0,294;0,294;10000;33;5;Spheroid;Stretching;1
Iterated Bucklin;w_missed_condorcet_admissible;;;0,0484;0,0484;10000;33;5;Spheroid;Stretching;1
Iterated Bucklin;w_is_weak_condorcet_winner;;;0,706;0,706;10000;33;5;Spheroid;Stretching;1
Iterated Bucklin;w_is_not_weak_condorcet_winner;;;0,294;0,294;10000;33;5;Spheroid;Stretching;1
Iterated Bucklin;w_missed_weak_condorcet_winner;;;0,0484;0,0484;10000;33;5;Spheroid;Stretching;1
Iterated Bucklin;w_is_condorcet_winner_rk_ctb;;;0,706;0,706;10000;33;5;Spheroid;Stretching;1
Iterated Bucklin;w_is_not_condorcet_winner_rk_ctb;;;0,294;0,294;10000;33;5;Spheroid;Stretching;1
Iterated Bucklin;w_missed_condorcet_winner_rk_ctb;;;0,0484;0,0484;10000;33;5;Spheroid;Stretching;1
Iterated Bucklin;w_is_condorcet_winner_rk;;;0,706;0,706;10000;33;5;Spheroid;Stretching;1
Iterated Bucklin;w_is_not_condorcet_winner_rk;;;0,294;0,294;10000;33;5;Spheroid;Stretching;1
Iterated Bucklin;w_missed_condorcet_winner_rk;;;0,0484;0,0484;10000;33;5;Spheroid;Stretching;1
Iterated Bucklin;w_is_condorcet_winner_ut_rel_ctb;;;0,706;0,706;10000;33;5;Spheroid;Stretching;1
Iterated Bucklin;w_is_not_condorcet_winner_ut_rel_ctb;;;0,294;0,294;10000;33;5;Spheroid;Stretching;1
Iterated Bucklin;w_missed_condorcet_winner_ut_rel_ctb;;;0,0484;0,0484;10000;33;5;Spheroid;Stretching;1
Iterated Bucklin;w_is_condorcet_winner_ut_rel;;;0,706;0,706;10000;33;5;Spheroid;Stretching;1
Iterated Bucklin;w_is_not_condorcet_winner_ut_rel;;;0,294;0,294;10000;33;5;Spheroid;Stretching;1
Iterated Bucklin;w_missed_condorcet_winner_ut_rel;;;0,0484;0,0484;10000;33;5;Spheroid;Stretching;1
Iterated Bucklin;w_is_condorcet_winner_ut_abs_ctb;;;0,706;0,706;10000;33;5;Spheroid;Stretching;1
Iterated Bucklin;w_is_not_condorcet_winner_ut_abs_ctb;;;0,294;0,294;10000;33;5;Spheroid;Stretching;1
Iterated Bucklin;w_missed_condorcet_winner_ut_abs_ctb;;;0,0484;0,0484;10000;33;5;Spheroid;Stretching;1
Iterated Bucklin;w_is_condorcet_winner_ut_abs;;;0,706;0,706;10000;33;5;Spheroid;Stretching;1
Iterated Bucklin;w_is_not_condorcet_winner_ut_abs;;;0,294;0,294;10000;33;5;Spheroid;Stretching;1
Iterated Bucklin;w_missed_condorcet_winner_ut_abs;;;0,0484;0,0484;10000;33;5;Spheroid;Stretching;1
Iterated Bucklin;w_is_resistant_condorcet_winner;;;0,0037;0,0037;10000;33;5;Spheroid;Stretching;1
Iterated Bucklin;w_is_not_resistant_condorcet_winner;;;0,9963;0,9963;10000;33;5;Spheroid;Stretching;1
Iterated Bucklin;w_missed_resistant_condorcet_winner;;;0;0;10000;33;5;Spheroid;Stretching;1
Iterated Bucklin;TM;TM_option = exact;21,58681;0,9657;0,9657;10000;33;5;Spheroid;Stretching;1
Iterated Bucklin;UM;UM_option = exact;148,397109;0,9907;0,9907;10000;33;5;Spheroid;Stretching;1
Iterated Bucklin;ICM;ICM_option = lazy;0,942559;0,294;0,294;10000;33;5;Spheroid;Stretching;1
Iterated Bucklin;CM;CM_option = lazy, UM_option = exact, ICM_option = lazy, TM_option = exact;1,6761;0,9908;0,9996;10000;33;5;Spheroid;Stretching;1
Kemeny;w_is_condorcet_admissible;;;0,7544;0,7544;10000;33;5;Spheroid;Stretching;1
Kemeny;w_is_not_condorcet_admissible;;;0,2456;0,2456;10000;33;5;Spheroid;Stretching;1
Kemeny;w_missed_condorcet_admissible;;;0;0;10000;33;5;Spheroid;Stretching;1
Kemeny;w_is_weak_condorcet_winner;;;0,7544;0,7544;10000;33;5;Spheroid;Stretching;1
Kemeny;w_is_not_weak_condorcet_winner;;;0,2456;0,2456;10000;33;5;Spheroid;Stretching;1
Kemeny;w_missed_weak_condorcet_winner;;;0;0;10000;33;5;Spheroid;Stretching;1
Kemeny;w_is_condorcet_winner_rk_ctb;;;0,7544;0,7544;10000;33;5;Spheroid;Stretching;1
Kemeny;w_is_not_condorcet_winner_rk_ctb;;;0,2456;0,2456;10000;33;5;Spheroid;Stretching;1
Kemeny;w_missed_condorcet_winner_rk_ctb;;;0;0;10000;33;5;Spheroid;Stretching;1
Kemeny;w_is_condorcet_winner_rk;;;0,7544;0,7544;10000;33;5;Spheroid;Stretching;1
Kemeny;w_is_not_condorcet_winner_rk;;;0,2456;0,2456;10000;33;5;Spheroid;Stretching;1
Kemeny;w_missed_condorcet_winner_rk;;;0;0;10000;33;5;Spheroid;Stretching;1
Kemeny;w_is_condorcet_winner_ut_rel_ctb;;;0,7544;0,7544;10000;33;5;Spheroid;Stretching;1
Kemeny;w_is_not_condorcet_winner_ut_rel_ctb;;;0,2456;0,2456;10000;33;5;Spheroid;Stretching;1
Kemeny;w_missed_condorcet_winner_ut_rel_ctb;;;0;0;10000;33;5;Spheroid;Stretching;1
Kemeny;w_is_condorcet_winner_ut_rel;;;0,7544;0,7544;10000;33;5;Spheroid;Stretching;1
Kemeny;w_is_not_condorcet_winner_ut_rel;;;0,2456;0,2456;10000;33;5;Spheroid;Stretching;1
Kemeny;w_missed_condorcet_winner_ut_rel;;;0;0;10000;33;5;Spheroid;Stretching;1
Kemeny;w_is_condorcet_winner_ut_abs_ctb;;;0,7544;0,7544;10000;33;5;Spheroid;Stretching;1
Kemeny;w_is_not_condorcet_winner_ut_abs_ctb;;;0,2456;0,2456;10000;33;5;Spheroid;Stretching;1
Kemeny;w_missed_condorcet_winner_ut_abs_ctb;;;0;0;10000;33;5;Spheroid;Stretching;1
Kemeny;w_is_condorcet_winner_ut_abs;;;0,7544;0,7544;10000;33;5;Spheroid;Stretching;1
Kemeny;w_is_not_condorcet_winner_ut_abs;;;0,2456;0,2456;10000;33;5;Spheroid;Stretching;1
Kemeny;w_missed_condorcet_winner_ut_abs;;;0;0;10000;33;5;Spheroid;Stretching;1
Kemeny;w_is_resistant_condorcet_winner;;;0,0037;0,0037;10000;33;5;Spheroid;Stretching;1
Kemeny;w_is_not_resistant_condorcet_winner;;;0,9963;0,9963;10000;33;5;Spheroid;Stretching;1
Kemeny;w_missed_resistant_condorcet_winner;;;0;0;10000;33;5;Spheroid;Stretching;1
Kemeny;TM;TM_option = exact;117,538736;0,9623;0,9623;10000;33;5;Spheroid;Stretching;1
Kemeny;UM;UM_option = exact;411,155931;0,9661;0,9661;10000;33;5;Spheroid;Stretching;1
Kemeny;ICM;ICM_option = exact;0,973048;0,2456;0,2456;10000;33;5;Spheroid;Stretching;1
Kemeny;CM;CM_option = lazy, UM_option = exact, TM_option = exact;1,869101;0,9661;0,9963;10000;33;5;Spheroid;Stretching;1
Kim-Roush;w_is_condorcet_admissible;;;0,6317;0,6317;10000;33;5;Spheroid;Stretching;1
Kim-Roush;w_is_not_condorcet_admissible;;;0,3683;0,3683;10000;33;5;Spheroid;Stretching;1
Kim-Roush;w_missed_condorcet_admissible;;;0,1227;0,1227;10000;33;5;Spheroid;Stretching;1
Kim-Roush;w_is_weak_condorcet_winner;;;0,6317;0,6317;10000;33;5;Spheroid;Stretching;1
Kim-Roush;w_is_not_weak_condorcet_winner;;;0,3683;0,3683;10000;33;5;Spheroid;Stretching;1
Kim-Roush;w_missed_weak_condorcet_winner;;;0,1227;0,1227;10000;33;5;Spheroid;Stretching;1
Kim-Roush;w_is_condorcet_winner_rk_ctb;;;0,6317;0,6317;10000;33;5;Spheroid;Stretching;1
Kim-Roush;w_is_not_condorcet_winner_rk_ctb;;;0,3683;0,3683;10000;33;5;Spheroid;Stretching;1
Kim-Roush;w_missed_condorcet_winner_rk_ctb;;;0,1227;0,1227;10000;33;5;Spheroid;Stretching;1
Kim-Roush;w_is_condorcet_winner_rk;;;0,6317;0,6317;10000;33;5;Spheroid;Stretching;1
Kim-Roush;w_is_not_condorcet_winner_rk;;;0,3683;0,3683;10000;33;5;Spheroid;Stretching;1
Kim-Roush;w_missed_condorcet_winner_rk;;;0,1227;0,1227;10000;33;5;Spheroid;Stretching;1
Kim-Roush;w_is_condorcet_winner_ut_rel_ctb;;;0,6317;0,6317;10000;33;5;Spheroid;Stretching;1
Kim-Roush;w_is_not_condorcet_winner_ut_rel_ctb;;;0,3683;0,3683;10000;33;5;Spheroid;Stretching;1
Kim-Roush;w_missed_condorcet_winner_ut_rel_ctb;;;0,1227;0,1227;10000;33;5;Spheroid;Stretching;1
Kim-Roush;w_is_condorcet_winner_ut_rel;;;0,6317;0,6317;10000;33;5;Spheroid;Stretching;1
Kim-Roush;w_is_not_condorcet_winner_ut_rel;;;0,3683;0,3683;10000;33;5;Spheroid;Stretching;1
Kim-Roush;w_missed_condorcet_winner_ut_rel;;;0,1227;0,1227;10000;33;5;Spheroid;Stretching;1
Kim-Roush;w_is_condorcet_winner_ut_abs_ctb;;;0,6317;0,6317;10000;33;5;Spheroid;Stretching;1
Kim-Roush;w_is_not_condorcet_winner_ut_abs_ctb;;;0,3683;0,3683;10000;33;5;Spheroid;Stretching;1
Kim-Roush;w_missed_condorcet_winner_ut_abs_ctb;;;0,1227;0,1227;10000;33;5;Spheroid;Stretching;1
Kim-Roush;w_is_condorcet_winner_ut_abs;;;0,6317;0,6317;10000;33;5;Spheroid;Stretching;1
Kim-Roush;w_is_not_condorcet_winner_ut_abs;;;0,3683;0,3683;10000;33;5;Spheroid;Stretching;1
Kim-Roush;w_missed_condorcet_winner_ut_abs;;;0,1227;0,1227;10000;33;5;Spheroid;Stretching;1
Kim-Roush;w_is_resistant_condorcet_winner;;;0,0036;0,0036;10000;33;5;Spheroid;Stretching;1
Kim-Roush;w_is_not_resistant_condorcet_winner;;;0,9964;0,9964;10000;33;5;Spheroid;Stretching;1
Kim-Roush;w_missed_resistant_condorcet_winner;;;0,0001;0,0001;10000;33;5;Spheroid;Stretching;1
Kim-Roush;TM;TM_option = exact;16,872003;0,9487;0,9487;10000;33;5;Spheroid;Stretching;1
Kim-Roush;UM;UM_option = exact;818,80789;0,9518;0,9518;10000;33;5;Spheroid;Stretching;1
Kim-Roush;ICM;ICM_option = lazy;5,697376;0;1;10000;33;5;Spheroid;Stretching;1
Kim-Roush;CM;CM_option = lazy, UM_option = exact, ICM_option = lazy, TM_option = exact;1,969124;0,9518;1;10000;33;5;Spheroid;Stretching;1
Majority Judgment;w_is_condorcet_admissible;;;0,5003;0,5003;10000;33;5;Spheroid;Stretching;1
Majority Judgment;w_is_not_condorcet_admissible;;;0,4997;0,4997;10000;33;5;Spheroid;Stretching;1
Majority Judgment;w_missed_condorcet_admissible;;;0,2541;0,2541;10000;33;5;Spheroid;Stretching;1
Majority Judgment;w_is_weak_condorcet_winner;;;0,5003;0,5003;10000;33;5;Spheroid;Stretching;1
Majority Judgment;w_is_not_weak_condorcet_winner;;;0,4997;0,4997;10000;33;5;Spheroid;Stretching;1
Majority Judgment;w_missed_weak_condorcet_winner;;;0,2541;0,2541;10000;33;5;Spheroid;Stretching;1
Majority Judgment;w_is_condorcet_winner_rk_ctb;;;0,5003;0,5003;10000;33;5;Spheroid;Stretching;1
Majority Judgment;w_is_not_condorcet_winner_rk_ctb;;;0,4997;0,4997;10000;33;5;Spheroid;Stretching;1
Majority Judgment;w_missed_condorcet_winner_rk_ctb;;;0,2541;0,2541;10000;33;5;Spheroid;Stretching;1
Majority Judgment;w_is_condorcet_winner_rk;;;0,5003;0,5003;10000;33;5;Spheroid;Stretching;1
Majority Judgment;w_is_not_condorcet_winner_rk;;;0,4997;0,4997;10000;33;5;Spheroid;Stretching;1
Majority Judgment;w_missed_condorcet_winner_rk;;;0,2541;0,2541;10000;33;5;Spheroid;Stretching;1
Majority Judgment;w_is_condorcet_winner_ut_rel_ctb;;;0,5003;0,5003;10000;33;5;Spheroid;Stretching;1
Majority Judgment;w_is_not_condorcet_winner_ut_rel_ctb;;;0,4997;0,4997;10000;33;5;Spheroid;Stretching;1
Majority Judgment;w_missed_condorcet_winner_ut_rel_ctb;;;0,2541;0,2541;10000;33;5;Spheroid;Stretching;1
Majority Judgment;w_is_condorcet_winner_ut_rel;;;0,5003;0,5003;10000;33;5;Spheroid;Stretching;1
Majority Judgment;w_is_not_condorcet_winner_ut_rel;;;0,4997;0,4997;10000;33;5;Spheroid;Stretching;1
Majority Judgment;w_missed_condorcet_winner_ut_rel;;;0,2541;0,2541;10000;33;5;Spheroid;Stretching;1
Majority Judgment;w_is_condorcet_winner_ut_abs_ctb;;;0,5003;0,5003;10000;33;5;Spheroid;Stretching;1
Majority Judgment;w_is_not_condorcet_winner_ut_abs_ctb;;;0,4997;0,4997;10000;33;5;Spheroid;Stretching;1
Majority Judgment;w_missed_condorcet_winner_ut_abs_ctb;;;0,2541;0,2541;10000;33;5;Spheroid;Stretching;1
Majority Judgment;w_is_condorcet_winner_ut_abs;;;0,5003;0,5003;10000;33;5;Spheroid;Stretching;1
Majority Judgment;w_is_not_condorcet_winner_ut_abs;;;0,4997;0,4997;10000;33;5;Spheroid;Stretching;1
Majority Judgment;w_missed_condorcet_winner_ut_abs;;;0,2541;0,2541;10000;33;5;Spheroid;Stretching;1
Majority Judgment;w_is_resistant_condorcet_winner;;;0,0037;0,0037;10000;33;5;Spheroid;Stretching;1
Majority Judgment;w_is_not_resistant_condorcet_winner;;;0,9963;0,9963;10000;33;5;Spheroid;Stretching;1
Majority Judgment;w_missed_resistant_condorcet_winner;;;0;0;10000;33;5;Spheroid;Stretching;1
Majority Judgment;TM;TM_option = exact;6,872441;0,9845;0,9845;10000;33;5;Spheroid;Stretching;1
Majority Judgment;UM;CM_option = exact;1,28356;0,9845;0,9845;10000;33;5;Spheroid;Stretching;1
Majority Judgment;ICM;ICM_option = exact;0,905066;0,4997;0,4997;10000;33;5;Spheroid;Stretching;1
Majority Judgment;CM;CM_option = exact;0,239012;0,9845;0,9845;10000;33;5;Spheroid;Stretching;1
Maximin;w_is_condorcet_admissible;;;0,7544;0,7544;10000;33;5;Spheroid;Stretching;1
Maximin;w_is_not_condorcet_admissible;;;0,2456;0,2456;10000;33;5;Spheroid;Stretching;1
Maximin;w_missed_condorcet_admissible;;;0;0;10000;33;5;Spheroid;Stretching;1
Maximin;w_is_weak_condorcet_winner;;;0,7544;0,7544;10000;33;5;Spheroid;Stretching;1
Maximin;w_is_not_weak_condorcet_winner;;;0,2456;0,2456;10000;33;5;Spheroid;Stretching;1
Maximin;w_missed_weak_condorcet_winner;;;0;0;10000;33;5;Spheroid;Stretching;1
Maximin;w_is_condorcet_winner_rk_ctb;;;0,7544;0,7544;10000;33;5;Spheroid;Stretching;1
Maximin;w_is_not_condorcet_winner_rk_ctb;;;0,2456;0,2456;10000;33;5;Spheroid;Stretching;1
Maximin;w_missed_condorcet_winner_rk_ctb;;;0;0;10000;33;5;Spheroid;Stretching;1
Maximin;w_is_condorcet_winner_rk;;;0,7544;0,7544;10000;33;5;Spheroid;Stretching;1
Maximin;w_is_not_condorcet_winner_rk;;;0,2456;0,2456;10000;33;5;Spheroid;Stretching;1
Maximin;w_missed_condorcet_winner_rk;;;0;0;10000;33;5;Spheroid;Stretching;1
Maximin;w_is_condorcet_winner_ut_rel_ctb;;;0,7544;0,7544;10000;33;5;Spheroid;Stretching;1
Maximin;w_is_not_condorcet_winner_ut_rel_ctb;;;0,2456;0,2456;10000;33;5;Spheroid;Stretching;1
Maximin;w_missed_condorcet_winner_ut_rel_ctb;;;0;0;10000;33;5;Spheroid;Stretching;1
Maximin;w_is_condorcet_winner_ut_rel;;;0,7544;0,7544;10000;33;5;Spheroid;Stretching;1
Maximin;w_is_not_condorcet_winner_ut_rel;;;0,2456;0,2456;10000;33;5;Spheroid;Stretching;1
Maximin;w_missed_condorcet_winner_ut_rel;;;0;0;10000;33;5;Spheroid;Stretching;1
Maximin;w_is_condorcet_winner_ut_abs_ctb;;;0,7544;0,7544;10000;33;5;Spheroid;Stretching;1
Maximin;w_is_not_condorcet_winner_ut_abs_ctb;;;0,2456;0,2456;10000;33;5;Spheroid;Stretching;1
Maximin;w_missed_condorcet_winner_ut_abs_ctb;;;0;0;10000;33;5;Spheroid;Stretching;1
Maximin;w_is_condorcet_winner_ut_abs;;;0,7544;0,7544;10000;33;5;Spheroid;Stretching;1
Maximin;w_is_not_condorcet_winner_ut_abs;;;0,2456;0,2456;10000;33;5;Spheroid;Stretching;1
Maximin;w_missed_condorcet_winner_ut_abs;;;0;0;10000;33;5;Spheroid;Stretching;1
Maximin;w_is_resistant_condorcet_winner;;;0,0037;0,0037;10000;33;5;Spheroid;Stretching;1
Maximin;w_is_not_resistant_condorcet_winner;;;0,9963;0,9963;10000;33;5;Spheroid;Stretching;1
Maximin;w_missed_resistant_condorcet_winner;;;0;0;10000;33;5;Spheroid;Stretching;1
Maximin;TM;TM_option = exact;19,800734;0,9127;0,9127;10000;33;5;Spheroid;Stretching;1
Maximin;UM;UM_option = exact;11,920699;0,9259;0,9259;10000;33;5;Spheroid;Stretching;1
Maximin;ICM;ICM_option = exact;0,854553;0,2456;0,2456;10000;33;5;Spheroid;Stretching;1
Maximin;CM;CM_option = fast, UM_option = exact, TM_option = exact;3,994757;0,9308;0,9317;10000;33;5;Spheroid;Stretching;1
Nanson;w_is_condorcet_admissible;;;0,7544;0,7544;10000;33;5;Spheroid;Stretching;1
Nanson;w_is_not_condorcet_admissible;;;0,2456;0,2456;10000;33;5;Spheroid;Stretching;1
Nanson;w_missed_condorcet_admissible;;;0;0;10000;33;5;Spheroid;Stretching;1
Nanson;w_is_weak_condorcet_winner;;;0,7544;0,7544;10000;33;5;Spheroid;Stretching;1
Nanson;w_is_not_weak_condorcet_winner;;;0,2456;0,2456;10000;33;5;Spheroid;Stretching;1
Nanson;w_missed_weak_condorcet_winner;;;0;0;10000;33;5;Spheroid;Stretching;1
Nanson;w_is_condorcet_winner_rk_ctb;;;0,7544;0,7544;10000;33;5;Spheroid;Stretching;1
Nanson;w_is_not_condorcet_winner_rk_ctb;;;0,2456;0,2456;10000;33;5;Spheroid;Stretching;1
Nanson;w_missed_condorcet_winner_rk_ctb;;;0;0;10000;33;5;Spheroid;Stretching;1
Nanson;w_is_condorcet_winner_rk;;;0,7544;0,7544;10000;33;5;Spheroid;Stretching;1
Nanson;w_is_not_condorcet_winner_rk;;;0,2456;0,2456;10000;33;5;Spheroid;Stretching;1
Nanson;w_missed_condorcet_winner_rk;;;0;0;10000;33;5;Spheroid;Stretching;1
Nanson;w_is_condorcet_winner_ut_rel_ctb;;;0,7544;0,7544;10000;33;5;Spheroid;Stretching;1
Nanson;w_is_not_condorcet_winner_ut_rel_ctb;;;0,2456;0,2456;10000;33;5;Spheroid;Stretching;1
Nanson;w_missed_condorcet_winner_ut_rel_ctb;;;0;0;10000;33;5;Spheroid;Stretching;1
Nanson;w_is_condorcet_winner_ut_rel;;;0,7544;0,7544;10000;33;5;Spheroid;Stretching;1
Nanson;w_is_not_condorcet_winner_ut_rel;;;0,2456;0,2456;10000;33;5;Spheroid;Stretching;1
Nanson;w_missed_condorcet_winner_ut_rel;;;0;0;10000;33;5;Spheroid;Stretching;1
Nanson;w_is_condorcet_winner_ut_abs_ctb;;;0,7544;0,7544;10000;33;5;Spheroid;Stretching;1
Nanson;w_is_not_condorcet_winner_ut_abs_ctb;;;0,2456;0,2456;10000;33;5;Spheroid;Stretching;1
Nanson;w_missed_condorcet_winner_ut_abs_ctb;;;0;0;10000;33;5;Spheroid;Stretching;1
Nanson;w_is_condorcet_winner_ut_abs;;;0,7544;0,7544;10000;33;5;Spheroid;Stretching;1
Nanson;w_is_not_condorcet_winner_ut_abs;;;0,2456;0,2456;10000;33;5;Spheroid;Stretching;1
Nanson;w_missed_condorcet_winner_ut_abs;;;0;0;10000;33;5;Spheroid;Stretching;1
Nanson;w_is_resistant_condorcet_winner;;;0,0037;0,0037;10000;33;5;Spheroid;Stretching;1
Nanson;w_is_not_resistant_condorcet_winner;;;0,9963;0,9963;10000;33;5;Spheroid;Stretching;1
Nanson;w_missed_resistant_condorcet_winner;;;0;0;10000;33;5;Spheroid;Stretching;1
Nanson;TM;TM_option = exact;15,314396;0,9555;0,9555;10000;33;5;Spheroid;Stretching;1
Nanson;UM;UM_option = exact;202,45024;0,9606;0,9606;10000;33;5;Spheroid;Stretching;1
Nanson;ICM;ICM_option = exact;0,893052;0,2456;0,2456;10000;33;5;Spheroid;Stretching;1
Nanson;CM;CM_option = lazy, UM_option = exact, TM_option = exact;1,92011;0,9606;0,9963;10000;33;5;Spheroid;Stretching;1
Plurality;w_is_condorcet_admissible;;;0,4543;0,4543;10000;33;5;Spheroid;Stretching;1
Plurality;w_is_not_condorcet_admissible;;;0,5457;0,5457;10000;33;5;Spheroid;Stretching;1
Plurality;w_missed_condorcet_admissible;;;0,3001;0,3001;10000;33;5;Spheroid;Stretching;1
Plurality;w_is_weak_condorcet_winner;;;0,4543;0,4543;10000;33;5;Spheroid;Stretching;1
Plurality;w_is_not_weak_condorcet_winner;;;0,5457;0,5457;10000;33;5;Spheroid;Stretching;1
Plurality;w_missed_weak_condorcet_winner;;;0,3001;0,3001;10000;33;5;Spheroid;Stretching;1
Plurality;w_is_condorcet_winner_rk_ctb;;;0,4543;0,4543;10000;33;5;Spheroid;Stretching;1
Plurality;w_is_not_condorcet_winner_rk_ctb;;;0,5457;0,5457;10000;33;5;Spheroid;Stretching;1
Plurality;w_missed_condorcet_winner_rk_ctb;;;0,3001;0,3001;10000;33;5;Spheroid;Stretching;1
Plurality;w_is_condorcet_winner_rk;;;0,4543;0,4543;10000;33;5;Spheroid;Stretching;1
Plurality;w_is_not_condorcet_winner_rk;;;0,5457;0,5457;10000;33;5;Spheroid;Stretching;1
Plurality;w_missed_condorcet_winner_rk;;;0,3001;0,3001;10000;33;5;Spheroid;Stretching;1
Plurality;w_is_condorcet_winner_ut_rel_ctb;;;0,4543;0,4543;10000;33;5;Spheroid;Stretching;1
Plurality;w_is_not_condorcet_winner_ut_rel_ctb;;;0,5457;0,5457;10000;33;5;Spheroid;Stretching;1
Plurality;w_missed_condorcet_winner_ut_rel_ctb;;;0,3001;0,3001;10000;33;5;Spheroid;Stretching;1
Plurality;w_is_condorcet_winner_ut_rel;;;0,4543;0,4543;10000;33;5;Spheroid;Stretching;1
Plurality;w_is_not_condorcet_winner_ut_rel;;;0,5457;0,5457;10000;33;5;Spheroid;Stretching;1
Plurality;w_missed_condorcet_winner_ut_rel;;;0,3001;0,3001;10000;33;5;Spheroid;Stretching;1
Plurality;w_is_condorcet_winner_ut_abs_ctb;;;0,4543;0,4543;10000;33;5;Spheroid;Stretching;1
Plurality;w_is_not_condorcet_winner_ut_abs_ctb;;;0,5457;0,5457;10000;33;5;Spheroid;Stretching;1
Plurality;w_missed_condorcet_winner_ut_abs_ctb;;;0,3001;0,3001;10000;33;5;Spheroid;Stretching;1
Plurality;w_is_condorcet_winner_ut_abs;;;0,4543;0,4543;10000;33;5;Spheroid;Stretching;1
Plurality;w_is_not_condorcet_winner_ut_abs;;;0,5457;0,5457;10000;33;5;Spheroid;Stretching;1
Plurality;w_missed_condorcet_winner_ut_abs;;;0,3001;0,3001;10000;33;5;Spheroid;Stretching;1
Plurality;w_is_resistant_condorcet_winner;;;0,0037;0,0037;10000;33;5;Spheroid;Stretching;1
Plurality;w_is_not_resistant_condorcet_winner;;;0,9963;0,9963;10000;33;5;Spheroid;Stretching;1
Plurality;w_missed_resistant_condorcet_winner;;;0;0;10000;33;5;Spheroid;Stretching;1
Plurality;TM;CM_option = exact;3,168696;0,9856;0,9856;10000;33;5;Spheroid;Stretching;1
Plurality;UM;CM_option = exact;0,263015;0,9856;0,9856;10000;33;5;Spheroid;Stretching;1
Plurality;ICM;ICM_option = exact;0,925064;0,5457;0,5457;10000;33;5;Spheroid;Stretching;1
Plurality;CM;CM_option = exact;0,223008;0,9856;0,9856;10000;33;5;Spheroid;Stretching;1
Range voting with average;w_is_condorcet_admissible;;;0,5861;0,5861;10000;33;5;Spheroid;Stretching;1
Range voting with average;w_is_not_condorcet_admissible;;;0,4139;0,4139;10000;33;5;Spheroid;Stretching;1
Range voting with average;w_missed_condorcet_admissible;;;0,1683;0,1683;10000;33;5;Spheroid;Stretching;1
Range voting with average;w_is_weak_condorcet_winner;;;0,5861;0,5861;10000;33;5;Spheroid;Stretching;1
Range voting with average;w_is_not_weak_condorcet_winner;;;0,4139;0,4139;10000;33;5;Spheroid;Stretching;1
Range voting with average;w_missed_weak_condorcet_winner;;;0,1683;0,1683;10000;33;5;Spheroid;Stretching;1
Range voting with average;w_is_condorcet_winner_rk_ctb;;;0,5861;0,5861;10000;33;5;Spheroid;Stretching;1
Range voting with average;w_is_not_condorcet_winner_rk_ctb;;;0,4139;0,4139;10000;33;5;Spheroid;Stretching;1
Range voting with average;w_missed_condorcet_winner_rk_ctb;;;0,1683;0,1683;10000;33;5;Spheroid;Stretching;1
Range voting with average;w_is_condorcet_winner_rk;;;0,5861;0,5861;10000;33;5;Spheroid;Stretching;1
Range voting with average;w_is_not_condorcet_winner_rk;;;0,4139;0,4139;10000;33;5;Spheroid;Stretching;1
Range voting with average;w_missed_condorcet_winner_rk;;;0,1683;0,1683;10000;33;5;Spheroid;Stretching;1
Range voting with average;w_is_condorcet_winner_ut_rel_ctb;;;0,5861;0,5861;10000;33;5;Spheroid;Stretching;1
Range voting with average;w_is_not_condorcet_winner_ut_rel_ctb;;;0,4139;0,4139;10000;33;5;Spheroid;Stretching;1
Range voting with average;w_missed_condorcet_winner_ut_rel_ctb;;;0,1683;0,1683;10000;33;5;Spheroid;Stretching;1
Range voting with average;w_is_condorcet_winner_ut_rel;;;0,5861;0,5861;10000;33;5;Spheroid;Stretching;1
Range voting with average;w_is_not_condorcet_winner_ut_rel;;;0,4139;0,4139;10000;33;5;Spheroid;Stretching;1
Range voting with average;w_missed_condorcet_winner_ut_rel;;;0,1683;0,1683;10000;33;5;Spheroid;Stretching;1
Range voting with average;w_is_condorcet_winner_ut_abs_ctb;;;0,5861;0,5861;10000;33;5;Spheroid;Stretching;1
Range voting with average;w_is_not_condorcet_winner_ut_abs_ctb;;;0,4139;0,4139;10000;33;5;Spheroid;Stretching;1
Range voting with average;w_missed_condorcet_winner_ut_abs_ctb;;;0,1683;0,1683;10000;33;5;Spheroid;Stretching;1
Range voting with average;w_is_condorcet_winner_ut_abs;;;0,5861;0,5861;10000;33;5;Spheroid;Stretching;1
Range voting with average;w_is_not_condorcet_winner_ut_abs;;;0,4139;0,4139;10000;33;5;Spheroid;Stretching;1
Range voting with average;w_missed_condorcet_winner_ut_abs;;;0,1683;0,1683;10000;33;5;Spheroid;Stretching;1
Range voting with average;w_is_resistant_condorcet_winner;;;0,0037;0,0037;10000;33;5;Spheroid;Stretching;1
Range voting with average;w_is_not_resistant_condorcet_winner;;;0,9963;0,9963;10000;33;5;Spheroid;Stretching;1
Range voting with average;w_missed_resistant_condorcet_winner;;;0;0;10000;33;5;Spheroid;Stretching;1
Range voting with average;TM;CM_option = exact;3,182686;0,9968;0,9968;10000;33;5;Spheroid;Stretching;1
Range voting with average;UM;CM_option = exact;0,24951;0,9968;0,9968;10000;33;5;Spheroid;Stretching;1
Range voting with average;ICM;ICM_option = exact;0,875055;0,4139;0,4139;10000;33;5;Spheroid;Stretching;1
Range voting with average;CM;CM_option = exact;0,245512;0,9968;0,9968;10000;33;5;Spheroid;Stretching;1
Ranked Pairs;w_is_condorcet_admissible;;;0,7544;0,7544;10000;33;5;Spheroid;Stretching;1
Ranked Pairs;w_is_not_condorcet_admissible;;;0,2456;0,2456;10000;33;5;Spheroid;Stretching;1
Ranked Pairs;w_missed_condorcet_admissible;;;0;0;10000;33;5;Spheroid;Stretching;1
Ranked Pairs;w_is_weak_condorcet_winner;;;0,7544;0,7544;10000;33;5;Spheroid;Stretching;1
Ranked Pairs;w_is_not_weak_condorcet_winner;;;0,2456;0,2456;10000;33;5;Spheroid;Stretching;1
Ranked Pairs;w_missed_weak_condorcet_winner;;;0;0;10000;33;5;Spheroid;Stretching;1
Ranked Pairs;w_is_condorcet_winner_rk_ctb;;;0,7544;0,7544;10000;33;5;Spheroid;Stretching;1
Ranked Pairs;w_is_not_condorcet_winner_rk_ctb;;;0,2456;0,2456;10000;33;5;Spheroid;Stretching;1
Ranked Pairs;w_missed_condorcet_winner_rk_ctb;;;0;0;10000;33;5;Spheroid;Stretching;1
Ranked Pairs;w_is_condorcet_winner_rk;;;0,7544;0,7544;10000;33;5;Spheroid;Stretching;1
Ranked Pairs;w_is_not_condorcet_winner_rk;;;0,2456;0,2456;10000;33;5;Spheroid;Stretching;1
Ranked Pairs;w_missed_condorcet_winner_rk;;;0;0;10000;33;5;Spheroid;Stretching;1
Ranked Pairs;w_is_condorcet_winner_ut_rel_ctb;;;0,7544;0,7544;10000;33;5;Spheroid;Stretching;1
Ranked Pairs;w_is_not_condorcet_winner_ut_rel_ctb;;;0,2456;0,2456;10000;33;5;Spheroid;Stretching;1
Ranked Pairs;w_missed_condorcet_winner_ut_rel_ctb;;;0;0;10000;33;5;Spheroid;Stretching;1
Ranked Pairs;w_is_condorcet_winner_ut_rel;;;0,7544;0,7544;10000;33;5;Spheroid;Stretching;1
Ranked Pairs;w_is_not_condorcet_winner_ut_rel;;;0,2456;0,2456;10000;33;5;Spheroid;Stretching;1
Ranked Pairs;w_missed_condorcet_winner_ut_rel;;;0;0;10000;33;5;Spheroid;Stretching;1
Ranked Pairs;w_is_condorcet_winner_ut_abs_ctb;;;0,7544;0,7544;10000;33;5;Spheroid;Stretching;1
Ranked Pairs;w_is_not_condorcet_winner_ut_abs_ctb;;;0,2456;0,2456;10000;33;5;Spheroid;Stretching;1
Ranked Pairs;w_missed_condorcet_winner_ut_abs_ctb;;;0;0;10000;33;5;Spheroid;Stretching;1
Ranked Pairs;w_is_condorcet_winner_ut_abs;;;0,7544;0,7544;10000;33;5;Spheroid;Stretching;1
Ranked Pairs;w_is_not_condorcet_winner_ut_abs;;;0,2456;0,2456;10000;33;5;Spheroid;Stretching;1
Ranked Pairs;w_missed_condorcet_winner_ut_abs;;;0;0;10000;33;5;Spheroid;Stretching;1
Ranked Pairs;w_is_resistant_condorcet_winner;;;0,0037;0,0037;10000;33;5;Spheroid;Stretching;1
Ranked Pairs;w_is_not_resistant_condorcet_winner;;;0,9963;0,9963;10000;33;5;Spheroid;Stretching;1
Ranked Pairs;w_missed_resistant_condorcet_winner;;;0;0;10000;33;5;Spheroid;Stretching;1
Ranked Pairs;TM;TM_option = exact;22,639845;0,9274;0,9274;10000;33;5;Spheroid;Stretching;1
Ranked Pairs;UM;UM_option = exact;485,623152;0,9338;0,9338;10000;33;5;Spheroid;Stretching;1
Ranked Pairs;ICM;ICM_option = exact;0,873051;0,2456;0,2456;10000;33;5;Spheroid;Stretching;1
Ranked Pairs;CM;CM_option = lazy, UM_option = exact, TM_option = exact;2,08613;0,9338;0,9963;10000;33;5;Spheroid;Stretching;1
Schulze;w_is_condorcet_admissible;;;0,7544;0,7544;10000;33;5;Spheroid;Stretching;1
Schulze;w_is_not_condorcet_admissible;;;0,2456;0,2456;10000;33;5;Spheroid;Stretching;1
Schulze;w_missed_condorcet_admissible;;;0;0;10000;33;5;Spheroid;Stretching;1
Schulze;w_is_weak_condorcet_winner;;;0,7544;0,7544;10000;33;5;Spheroid;Stretching;1
Schulze;w_is_not_weak_condorcet_winner;;;0,2456;0,2456;10000;33;5;Spheroid;Stretching;1
Schulze;w_missed_weak_condorcet_winner;;;0;0;10000;33;5;Spheroid;Stretching;1
Schulze;w_is_condorcet_winner_rk_ctb;;;0,7544;0,7544;10000;33;5;Spheroid;Stretching;1
Schulze;w_is_not_condorcet_winner_rk_ctb;;;0,2456;0,2456;10000;33;5;Spheroid;Stretching;1
Schulze;w_missed_condorcet_winner_rk_ctb;;;0;0;10000;33;5;Spheroid;Stretching;1
Schulze;w_is_condorcet_winner_rk;;;0,7544;0,7544;10000;33;5;Spheroid;Stretching;1
Schulze;w_is_not_condorcet_winner_rk;;;0,2456;0,2456;10000;33;5;Spheroid;Stretching;1
Schulze;w_missed_condorcet_winner_rk;;;0;0;10000;33;5;Spheroid;Stretching;1
Schulze;w_is_condorcet_winner_ut_rel_ctb;;;0,7544;0,7544;10000;33;5;Spheroid;Stretching;1
Schulze;w_is_not_condorcet_winner_ut_rel_ctb;;;0,2456;0,2456;10000;33;5;Spheroid;Stretching;1
Schulze;w_missed_condorcet_winner_ut_rel_ctb;;;0;0;10000;33;5;Spheroid;Stretching;1
Schulze;w_is_condorcet_winner_ut_rel;;;0,7544;0,7544;10000;33;5;Spheroid;Stretching;1
Schulze;w_is_not_condorcet_winner_ut_rel;;;0,2456;0,2456;10000;33;5;Spheroid;Stretching;1
Schulze;w_missed_condorcet_winner_ut_rel;;;0;0;10000;33;5;Spheroid;Stretching;1
Schulze;w_is_condorcet_winner_ut_abs_ctb;;;0,7544;0,7544;10000;33;5;Spheroid;Stretching;1
Schulze;w_is_not_condorcet_winner_ut_abs_ctb;;;0,2456;0,2456;10000;33;5;Spheroid;Stretching;1
Schulze;w_missed_condorcet_winner_ut_abs_ctb;;;0;0;10000;33;5;Spheroid;Stretching;1
Schulze;w_is_condorcet_winner_ut_abs;;;0,7544;0,7544;10000;33;5;Spheroid;Stretching;1
Schulze;w_is_not_condorcet_winner_ut_abs;;;0,2456;0,2456;10000;33;5;Spheroid;Stretching;1
Schulze;w_missed_condorcet_winner_ut_abs;;;0;0;10000;33;5;Spheroid;Stretching;1
Schulze;w_is_resistant_condorcet_winner;;;0,0037;0,0037;10000;33;5;Spheroid;Stretching;1
Schulze;w_is_not_resistant_condorcet_winner;;;0,9963;0,9963;10000;33;5;Spheroid;Stretching;1
Schulze;w_missed_resistant_condorcet_winner;;;0;0;10000;33;5;Spheroid;Stretching;1
Schulze;TM;TM_option = exact;14,076373;0,9147;0,9147;10000;33;5;Spheroid;Stretching;1
Schulze;UM;UM_option = fast;43,828725;0,9306;0,9487;10000;33;5;Spheroid;Stretching;1
Schulze;ICM;ICM_option = exact;0,887549;0,2456;0,2456;10000;33;5;Spheroid;Stretching;1
Schulze;CM;CM_option = fast, TM_option = exact;0,308516;0,9306;0,9487;10000;33;5;Spheroid;Stretching;1
Two Round;w_is_condorcet_admissible;;;0,6285;0,6285;10000;33;5;Spheroid;Stretching;1
Two Round;w_is_not_condorcet_admissible;;;0,3715;0,3715;10000;33;5;Spheroid;Stretching;1
Two Round;w_missed_condorcet_admissible;;;0,1259;0,1259;10000;33;5;Spheroid;Stretching;1
Two Round;w_is_weak_condorcet_winner;;;0,6285;0,6285;10000;33;5;Spheroid;Stretching;1
Two Round;w_is_not_weak_condorcet_winner;;;0,3715;0,3715;10000;33;5;Spheroid;Stretching;1
Two Round;w_missed_weak_condorcet_winner;;;0,1259;0,1259;10000;33;5;Spheroid;Stretching;1
Two Round;w_is_condorcet_winner_rk_ctb;;;0,6285;0,6285;10000;33;5;Spheroid;Stretching;1
Two Round;w_is_not_condorcet_winner_rk_ctb;;;0,3715;0,3715;10000;33;5;Spheroid;Stretching;1
Two Round;w_missed_condorcet_winner_rk_ctb;;;0,1259;0,1259;10000;33;5;Spheroid;Stretching;1
Two Round;w_is_condorcet_winner_rk;;;0,6285;0,6285;10000;33;5;Spheroid;Stretching;1
Two Round;w_is_not_condorcet_winner_rk;;;0,3715;0,3715;10000;33;5;Spheroid;Stretching;1
Two Round;w_missed_condorcet_winner_rk;;;0,1259;0,1259;10000;33;5;Spheroid;Stretching;1
Two Round;w_is_condorcet_winner_ut_rel_ctb;;;0,6285;0,6285;10000;33;5;Spheroid;Stretching;1
Two Round;w_is_not_condorcet_winner_ut_rel_ctb;;;0,3715;0,3715;10000;33;5;Spheroid;Stretching;1
Two Round;w_missed_condorcet_winner_ut_rel_ctb;;;0,1259;0,1259;10000;33;5;Spheroid;Stretching;1
Two Round;w_is_condorcet_winner_ut_rel;;;0,6285;0,6285;10000;33;5;Spheroid;Stretching;1
Two Round;w_is_not_condorcet_winner_ut_rel;;;0,3715;0,3715;10000;33;5;Spheroid;Stretching;1
Two Round;w_missed_condorcet_winner_ut_rel;;;0,1259;0,1259;10000;33;5;Spheroid;Stretching;1
Two Round;w_is_condorcet_winner_ut_abs_ctb;;;0,6285;0,6285;10000;33;5;Spheroid;Stretching;1
Two Round;w_is_not_condorcet_winner_ut_abs_ctb;;;0,3715;0,3715;10000;33;5;Spheroid;Stretching;1
Two Round;w_missed_condorcet_winner_ut_abs_ctb;;;0,1259;0,1259;10000;33;5;Spheroid;Stretching;1
Two Round;w_is_condorcet_winner_ut_abs;;;0,6285;0,6285;10000;33;5;Spheroid;Stretching;1
Two Round;w_is_not_condorcet_winner_ut_abs;;;0,3715;0,3715;10000;33;5;Spheroid;Stretching;1
Two Round;w_missed_condorcet_winner_ut_abs;;;0,1259;0,1259;10000;33;5;Spheroid;Stretching;1
Two Round;w_is_resistant_condorcet_winner;;;0,0037;0,0037;10000;33;5;Spheroid;Stretching;1
Two Round;w_is_not_resistant_condorcet_winner;;;0,9963;0,9963;10000;33;5;Spheroid;Stretching;1
Two Round;w_missed_resistant_condorcet_winner;;;0;0;10000;33;5;Spheroid;Stretching;1
Two Round;TM;TM_option = exact;27,988704;0,3871;0,3871;10000;33;5;Spheroid;Stretching;1
Two Round;UM;UM_option = exact;8,022511;0,3871;0,3871;10000;33;5;Spheroid;Stretching;1
Two Round;ICM;ICM_option = exact;0,87756;0,3715;0,3715;10000;33;5;Spheroid;Stretching;1
Two Round;CM;CM_option = exact;11,768734;0,6919;0,6919;10000;33;5;Spheroid;Stretching;1
Veto;w_is_condorcet_admissible;;;0,3767;0,3767;10000;33;5;Spheroid;Stretching;1
Veto;w_is_not_condorcet_admissible;;;0,6233;0,6233;10000;33;5;Spheroid;Stretching;1
Veto;w_missed_condorcet_admissible;;;0,3777;0,3777;10000;33;5;Spheroid;Stretching;1
Veto;w_is_weak_condorcet_winner;;;0,3767;0,3767;10000;33;5;Spheroid;Stretching;1
Veto;w_is_not_weak_condorcet_winner;;;0,6233;0,6233;10000;33;5;Spheroid;Stretching;1
Veto;w_missed_weak_condorcet_winner;;;0,3777;0,3777;10000;33;5;Spheroid;Stretching;1
Veto;w_is_condorcet_winner_rk_ctb;;;0,3767;0,3767;10000;33;5;Spheroid;Stretching;1
Veto;w_is_not_condorcet_winner_rk_ctb;;;0,6233;0,6233;10000;33;5;Spheroid;Stretching;1
Veto;w_missed_condorcet_winner_rk_ctb;;;0,3777;0,3777;10000;33;5;Spheroid;Stretching;1
Veto;w_is_condorcet_winner_rk;;;0,3767;0,3767;10000;33;5;Spheroid;Stretching;1
Veto;w_is_not_condorcet_winner_rk;;;0,6233;0,6233;10000;33;5;Spheroid;Stretching;1
Veto;w_missed_condorcet_winner_rk;;;0,3777;0,3777;10000;33;5;Spheroid;Stretching;1
Veto;w_is_condorcet_winner_ut_rel_ctb;;;0,3767;0,3767;10000;33;5;Spheroid;Stretching;1
Veto;w_is_not_condorcet_winner_ut_rel_ctb;;;0,6233;0,6233;10000;33;5;Spheroid;Stretching;1
Veto;w_missed_condorcet_winner_ut_rel_ctb;;;0,3777;0,3777;10000;33;5;Spheroid;Stretching;1
Veto;w_is_condorcet_winner_ut_rel;;;0,3767;0,3767;10000;33;5;Spheroid;Stretching;1
Veto;w_is_not_condorcet_winner_ut_rel;;;0,6233;0,6233;10000;33;5;Spheroid;Stretching;1
Veto;w_missed_condorcet_winner_ut_rel;;;0,3777;0,3777;10000;33;5;Spheroid;Stretching;1
Veto;w_is_condorcet_winner_ut_abs_ctb;;;0,3767;0,3767;10000;33;5;Spheroid;Stretching;1
Veto;w_is_not_condorcet_winner_ut_abs_ctb;;;0,6233;0,6233;10000;33;5;Spheroid;Stretching;1
Veto;w_missed_condorcet_winner_ut_abs_ctb;;;0,3777;0,3777;10000;33;5;Spheroid;Stretching;1
Veto;w_is_condorcet_winner_ut_abs;;;0,3767;0,3767;10000;33;5;Spheroid;Stretching;1
Veto;w_is_not_condorcet_winner_ut_abs;;;0,6233;0,6233;10000;33;5;Spheroid;Stretching;1
Veto;w_missed_condorcet_winner_ut_abs;;;0,3777;0,3777;10000;33;5;Spheroid;Stretching;1
Veto;w_is_resistant_condorcet_winner;;;0,0023;0,0023;10000;33;5;Spheroid;Stretching;1
Veto;w_is_not_resistant_condorcet_winner;;;0,9977;0,9977;10000;33;5;Spheroid;Stretching;1
Veto;w_missed_resistant_condorcet_winner;;;0,0014;0,0014;10000;33;5;Spheroid;Stretching;1
Veto;TM;TM_option = exact;6,59892;0,0344;0,0344;10000;33;5;Spheroid;Stretching;1
Veto;UM;TM_option = exact;0,231509;0,0344;0,0344;10000;33;5;Spheroid;Stretching;1
Veto;ICM;ICM_option = exact;5,868302;0;0;10000;33;5;Spheroid;Stretching;1
Veto;CM;CM_option = exact;4,307263;0,9079;0,9079;10000;33;5;Spheroid;Stretching;1
ICRV;w_is_condorcet_admissible;;;0,7544;0,7544;10000;33;5;Spheroid;Stretching;1
ICRV;w_is_not_condorcet_admissible;;;0,2456;0,2456;10000;33;5;Spheroid;Stretching;1
ICRV;w_missed_condorcet_admissible;;;0;0;10000;33;5;Spheroid;Stretching;1
ICRV;w_is_weak_condorcet_winner;;;0,7544;0,7544;10000;33;5;Spheroid;Stretching;1
ICRV;w_is_not_weak_condorcet_winner;;;0,2456;0,2456;10000;33;5;Spheroid;Stretching;1
ICRV;w_missed_weak_condorcet_winner;;;0;0;10000;33;5;Spheroid;Stretching;1
ICRV;w_is_condorcet_winner_rk_ctb;;;0,7544;0,7544;10000;33;5;Spheroid;Stretching;1
ICRV;w_is_not_condorcet_winner_rk_ctb;;;0,2456;0,2456;10000;33;5;Spheroid;Stretching;1
ICRV;w_missed_condorcet_winner_rk_ctb;;;0;0;10000;33;5;Spheroid;Stretching;1
ICRV;w_is_condorcet_winner_rk;;;0,7544;0,7544;10000;33;5;Spheroid;Stretching;1
ICRV;w_is_not_condorcet_winner_rk;;;0,2456;0,2456;10000;33;5;Spheroid;Stretching;1
ICRV;w_missed_condorcet_winner_rk;;;0;0;10000;33;5;Spheroid;Stretching;1
ICRV;w_is_condorcet_winner_ut_rel_ctb;;;0,7544;0,7544;10000;33;5;Spheroid;Stretching;1
ICRV;w_is_not_condorcet_winner_ut_rel_ctb;;;0,2456;0,2456;10000;33;5;Spheroid;Stretching;1
ICRV;w_missed_condorcet_winner_ut_rel_ctb;;;0;0;10000;33;5;Spheroid;Stretching;1
ICRV;w_is_condorcet_winner_ut_rel;;;0,7544;0,7544;10000;33;5;Spheroid;Stretching;1
ICRV;w_is_not_condorcet_winner_ut_rel;;;0,2456;0,2456;10000;33;5;Spheroid;Stretching;1
ICRV;w_missed_condorcet_winner_ut_rel;;;0;0;10000;33;5;Spheroid;Stretching;1
ICRV;w_is_condorcet_winner_ut_abs_ctb;;;0,7544;0,7544;10000;33;5;Spheroid;Stretching;1
ICRV;w_is_not_condorcet_winner_ut_abs_ctb;;;0,2456;0,2456;10000;33;5;Spheroid;Stretching;1
ICRV;w_missed_condorcet_winner_ut_abs_ctb;;;0;0;10000;33;5;Spheroid;Stretching;1
ICRV;w_is_condorcet_winner_ut_abs;;;0,7544;0,7544;10000;33;5;Spheroid;Stretching;1
ICRV;w_is_not_condorcet_winner_ut_abs;;;0,2456;0,2456;10000;33;5;Spheroid;Stretching;1
ICRV;w_missed_condorcet_winner_ut_abs;;;0;0;10000;33;5;Spheroid;Stretching;1
ICRV;w_is_resistant_condorcet_winner;;;0,0037;0,0037;10000;33;5;Spheroid;Stretching;1
ICRV;w_is_not_resistant_condorcet_winner;;;0,9963;0,9963;10000;33;5;Spheroid;Stretching;1
ICRV;w_missed_resistant_condorcet_winner;;;0;0;10000;33;5;Spheroid;Stretching;1
ICRV;TM;TM_option = exact;49,941473;0,2724;0,2724;10000;33;5;Spheroid;Stretching;1
ICRV;UM;UM_option = exact;2982,766382;0,2729;0,2729;10000;33;5;Spheroid;Stretching;1
ICRV;ICM;ICM_option = exact;0,967578;0,2456;0,2456;10000;33;5;Spheroid;Stretching;1
ICRV;CM;CM_option = lazy, UM_option = exact, TM_option = exact;9,491089;0,2729;0,9963;10000;33;5;Spheroid;Stretching;1
Exhaustive Ballot;w_is_condorcet_admissible;;;0,6762;0,6762;10000;33;5;Spheroid;Stretching;1
Exhaustive Ballot;w_is_not_condorcet_admissible;;;0,3238;0,3238;10000;33;5;Spheroid;Stretching;1
Exhaustive Ballot;w_missed_condorcet_admissible;;;0,0782;0,0782;10000;33;5;Spheroid;Stretching;1
Exhaustive Ballot;w_is_weak_condorcet_winner;;;0,6762;0,6762;10000;33;5;Spheroid;Stretching;1
Exhaustive Ballot;w_is_not_weak_condorcet_winner;;;0,3238;0,3238;10000;33;5;Spheroid;Stretching;1
Exhaustive Ballot;w_missed_weak_condorcet_winner;;;0,0782;0,0782;10000;33;5;Spheroid;Stretching;1
Exhaustive Ballot;w_is_condorcet_winner_rk_ctb;;;0,6762;0,6762;10000;33;5;Spheroid;Stretching;1
Exhaustive Ballot;w_is_not_condorcet_winner_rk_ctb;;;0,3238;0,3238;10000;33;5;Spheroid;Stretching;1
Exhaustive Ballot;w_missed_condorcet_winner_rk_ctb;;;0,0782;0,0782;10000;33;5;Spheroid;Stretching;1
Exhaustive Ballot;w_is_condorcet_winner_rk;;;0,6762;0,6762;10000;33;5;Spheroid;Stretching;1
Exhaustive Ballot;w_is_not_condorcet_winner_rk;;;0,3238;0,3238;10000;33;5;Spheroid;Stretching;1
Exhaustive Ballot;w_missed_condorcet_winner_rk;;;0,0782;0,0782;10000;33;5;Spheroid;Stretching;1
Exhaustive Ballot;w_is_condorcet_winner_ut_rel_ctb;;;0,6762;0,6762;10000;33;5;Spheroid;Stretching;1
Exhaustive Ballot;w_is_not_condorcet_winner_ut_rel_ctb;;;0,3238;0,3238;10000;33;5;Spheroid;Stretching;1
Exhaustive Ballot;w_missed_condorcet_winner_ut_rel_ctb;;;0,0782;0,0782;10000;33;5;Spheroid;Stretching;1
Exhaustive Ballot;w_is_condorcet_winner_ut_rel;;;0,6762;0,6762;10000;33;5;Spheroid;Stretching;1
Exhaustive Ballot;w_is_not_condorcet_winner_ut_rel;;;0,3238;0,3238;10000;33;5;Spheroid;Stretching;1
Exhaustive Ballot;w_missed_condorcet_winner_ut_rel;;;0,0782;0,0782;10000;33;5;Spheroid;Stretching;1
Exhaustive Ballot;w_is_condorcet_winner_ut_abs_ctb;;;0,6762;0,6762;10000;33;5;Spheroid;Stretching;1
Exhaustive Ballot;w_is_not_condorcet_winner_ut_abs_ctb;;;0,3238;0,3238;10000;33;5;Spheroid;Stretching;1
Exhaustive Ballot;w_missed_condorcet_winner_ut_abs_ctb;;;0,0782;0,0782;10000;33;5;Spheroid;Stretching;1
Exhaustive Ballot;w_is_condorcet_winner_ut_abs;;;0,6762;0,6762;10000;33;5;Spheroid;Stretching;1
Exhaustive Ballot;w_is_not_condorcet_winner_ut_abs;;;0,3238;0,3238;10000;33;5;Spheroid;Stretching;1
Exhaustive Ballot;w_missed_condorcet_winner_ut_abs;;;0,0782;0,0782;10000;33;5;Spheroid;Stretching;1
Exhaustive Ballot;w_is_resistant_condorcet_winner;;;0,0037;0,0037;10000;33;5;Spheroid;Stretching;1
Exhaustive Ballot;w_is_not_resistant_condorcet_winner;;;0,9963;0,9963;10000;33;5;Spheroid;Stretching;1
Exhaustive Ballot;w_missed_resistant_condorcet_winner;;;0;0;10000;33;5;Spheroid;Stretching;1
Exhaustive Ballot;TM;TM_option = exact;24,36349;0,3305;0,3305;10000;33;5;Spheroid;Stretching;1
Exhaustive Ballot;UM;UM_option = exact;55,090912;0,3305;0,3305;10000;33;5;Spheroid;Stretching;1
Exhaustive Ballot;ICM;ICM_option = exact;1,061059;0,3238;0,3238;10000;33;5;Spheroid;Stretching;1
Exhaustive Ballot;CM;CM_option = exact;85,013595;0,4403;0,4403;10000;33;5;Spheroid;Stretching;1
IRV;w_is_condorcet_admissible;;;0,6762;0,6762;10000;33;5;Spheroid;Stretching;1
IRV;w_is_not_condorcet_admissible;;;0,3238;0,3238;10000;33;5;Spheroid;Stretching;1
IRV;w_missed_condorcet_admissible;;;0,0782;0,0782;10000;33;5;Spheroid;Stretching;1
IRV;w_is_weak_condorcet_winner;;;0,6762;0,6762;10000;33;5;Spheroid;Stretching;1
IRV;w_is_not_weak_condorcet_winner;;;0,3238;0,3238;10000;33;5;Spheroid;Stretching;1
IRV;w_missed_weak_condorcet_winner;;;0,0782;0,0782;10000;33;5;Spheroid;Stretching;1
IRV;w_is_condorcet_winner_rk_ctb;;;0,6762;0,6762;10000;33;5;Spheroid;Stretching;1
IRV;w_is_not_condorcet_winner_rk_ctb;;;0,3238;0,3238;10000;33;5;Spheroid;Stretching;1
IRV;w_missed_condorcet_winner_rk_ctb;;;0,0782;0,0782;10000;33;5;Spheroid;Stretching;1
IRV;w_is_condorcet_winner_rk;;;0,6762;0,6762;10000;33;5;Spheroid;Stretching;1
IRV;w_is_not_condorcet_winner_rk;;;0,3238;0,3238;10000;33;5;Spheroid;Stretching;1
IRV;w_missed_condorcet_winner_rk;;;0,0782;0,0782;10000;33;5;Spheroid;Stretching;1
IRV;w_is_condorcet_winner_ut_rel_ctb;;;0,6762;0,6762;10000;33;5;Spheroid;Stretching;1
IRV;w_is_not_condorcet_winner_ut_rel_ctb;;;0,3238;0,3238;10000;33;5;Spheroid;Stretching;1
IRV;w_missed_condorcet_winner_ut_rel_ctb;;;0,0782;0,0782;10000;33;5;Spheroid;Stretching;1
IRV;w_is_condorcet_winner_ut_rel;;;0,6762;0,6762;10000;33;5;Spheroid;Stretching;1
IRV;w_is_not_condorcet_winner_ut_rel;;;0,3238;0,3238;10000;33;5;Spheroid;Stretching;1
IRV;w_missed_condorcet_winner_ut_rel;;;0,0782;0,0782;10000;33;5;Spheroid;Stretching;1
IRV;w_is_condorcet_winner_ut_abs_ctb;;;0,6762;0,6762;10000;33;5;Spheroid;Stretching;1
IRV;w_is_not_condorcet_winner_ut_abs_ctb;;;0,3238;0,3238;10000;33;5;Spheroid;Stretching;1
IRV;w_missed_condorcet_winner_ut_abs_ctb;;;0,0782;0,0782;10000;33;5;Spheroid;Stretching;1
IRV;w_is_condorcet_winner_ut_abs;;;0,6762;0,6762;10000;33;5;Spheroid;Stretching;1
IRV;w_is_not_condorcet_winner_ut_abs;;;0,3238;0,3238;10000;33;5;Spheroid;Stretching;1
IRV;w_missed_condorcet_winner_ut_abs;;;0,0782;0,0782;10000;33;5;Spheroid;Stretching;1
IRV;w_is_resistant_condorcet_winner;;;0,0037;0,0037;10000;33;5;Spheroid;Stretching;1
IRV;w_is_not_resistant_condorcet_winner;;;0,9963;0,9963;10000;33;5;Spheroid;Stretching;1
IRV;w_missed_resistant_condorcet_winner;;;0;0;10000;33;5;Spheroid;Stretching;1
IRV;TM;TM_option = exact;0,307522;0,3305;0,3305;10000;33;5;Spheroid;Stretching;1
IRV;UM;UM_option = exact;2,250162;0,3305;0,3305;10000;33;5;Spheroid;Stretching;1
IRV;ICM;ICM_option = exact;0,298022;0,3238;0,3238;10000;33;5;Spheroid;Stretching;1
IRV;CM;CM_option = exact;8,489532;0,4394;0,4394;10000;33;5;Spheroid;Stretching;1
Absolute-Condorcet IRV;w_is_condorcet_admissible;;;0,7544;0,7544;10000;33;5;Spheroid;Stretching;1
Absolute-Condorcet IRV;w_is_not_condorcet_admissible;;;0,2456;0,2456;10000;33;5;Spheroid;Stretching;1
Absolute-Condorcet IRV;w_missed_condorcet_admissible;;;0;0;10000;33;5;Spheroid;Stretching;1
Absolute-Condorcet IRV;w_is_weak_condorcet_winner;;;0,7544;0,7544;10000;33;5;Spheroid;Stretching;1
Absolute-Condorcet IRV;w_is_not_weak_condorcet_winner;;;0,2456;0,2456;10000;33;5;Spheroid;Stretching;1
Absolute-Condorcet IRV;w_missed_weak_condorcet_winner;;;0;0;10000;33;5;Spheroid;Stretching;1
Absolute-Condorcet IRV;w_is_condorcet_winner_rk_ctb;;;0,7544;0,7544;10000;33;5;Spheroid;Stretching;1
Absolute-Condorcet IRV;w_is_not_condorcet_winner_rk_ctb;;;0,2456;0,2456;10000;33;5;Spheroid;Stretching;1
Absolute-Condorcet IRV;w_missed_condorcet_winner_rk_ctb;;;0;0;10000;33;5;Spheroid;Stretching;1
Absolute-Condorcet IRV;w_is_condorcet_winner_rk;;;0,7544;0,7544;10000;33;5;Spheroid;Stretching;1
Absolute-Condorcet IRV;w_is_not_condorcet_winner_rk;;;0,2456;0,2456;10000;33;5;Spheroid;Stretching;1
Absolute-Condorcet IRV;w_missed_condorcet_winner_rk;;;0;0;10000;33;5;Spheroid;Stretching;1
Absolute-Condorcet IRV;w_is_condorcet_winner_ut_rel_ctb;;;0,7544;0,7544;10000;33;5;Spheroid;Stretching;1
Absolute-Condorcet IRV;w_is_not_condorcet_winner_ut_rel_ctb;;;0,2456;0,2456;10000;33;5;Spheroid;Stretching;1
Absolute-Condorcet IRV;w_missed_condorcet_winner_ut_rel_ctb;;;0;0;10000;33;5;Spheroid;Stretching;1
Absolute-Condorcet IRV;w_is_condorcet_winner_ut_rel;;;0,7544;0,7544;10000;33;5;Spheroid;Stretching;1
Absolute-Condorcet IRV;w_is_not_condorcet_winner_ut_rel;;;0,2456;0,2456;10000;33;5;Spheroid;Stretching;1
Absolute-Condorcet IRV;w_missed_condorcet_winner_ut_rel;;;0;0;10000;33;5;Spheroid;Stretching;1
Absolute-Condorcet IRV;w_is_condorcet_winner_ut_abs_ctb;;;0,7544;0,7544;10000;33;5;Spheroid;Stretching;1
Absolute-Condorcet IRV;w_is_not_condorcet_winner_ut_abs_ctb;;;0,2456;0,2456;10000;33;5;Spheroid;Stretching;1
Absolute-Condorcet IRV;w_missed_condorcet_winner_ut_abs_ctb;;;0;0;10000;33;5;Spheroid;Stretching;1
Absolute-Condorcet IRV;w_is_condorcet_winner_ut_abs;;;0,7544;0,7544;10000;33;5;Spheroid;Stretching;1
Absolute-Condorcet IRV;w_is_not_condorcet_winner_ut_abs;;;0,2456;0,2456;10000;33;5;Spheroid;Stretching;1
Absolute-Condorcet IRV;w_missed_condorcet_winner_ut_abs;;;0;0;10000;33;5;Spheroid;Stretching;1
Absolute-Condorcet IRV;w_is_resistant_condorcet_winner;;;0,0037;0,0037;10000;33;5;Spheroid;Stretching;1
Absolute-Condorcet IRV;w_is_not_resistant_condorcet_winner;;;0,9963;0,9963;10000;33;5;Spheroid;Stretching;1
Absolute-Condorcet IRV;w_missed_resistant_condorcet_winner;;;0;0;10000;33;5;Spheroid;Stretching;1
Absolute-Condorcet IRV;TM;TM_option = exact;83,11455;0,2724;0,2724;10000;33;5;Spheroid;Stretching;1
Absolute-Condorcet IRV;UM;UM_option = exact;4761,089365;0,2729;0,2729;10000;33;5;Spheroid;Stretching;1
Absolute-Condorcet IRV;ICM;ICM_option = exact;0,84605;0,2456;0,2456;10000;33;5;Spheroid;Stretching;1
Absolute-Condorcet IRV;CM;CM_option = almost_exact, TM_option = exact;4,346762;0,4394;0,4394;10000;33;5;Spheroid;Stretching;1
VTB-Condorcet IRV;w_is_condorcet_admissible;;;0,7544;0,7544;10000;33;5;Spheroid;Stretching;1
VTB-Condorcet IRV;w_is_not_condorcet_admissible;;;0,2456;0,2456;10000;33;5;Spheroid;Stretching;1
VTB-Condorcet IRV;w_missed_condorcet_admissible;;;0;0;10000;33;5;Spheroid;Stretching;1
VTB-Condorcet IRV;w_is_weak_condorcet_winner;;;0,7544;0,7544;10000;33;5;Spheroid;Stretching;1
VTB-Condorcet IRV;w_is_not_weak_condorcet_winner;;;0,2456;0,2456;10000;33;5;Spheroid;Stretching;1
VTB-Condorcet IRV;w_missed_weak_condorcet_winner;;;0;0;10000;33;5;Spheroid;Stretching;1
VTB-Condorcet IRV;w_is_condorcet_winner_rk_ctb;;;0,7544;0,7544;10000;33;5;Spheroid;Stretching;1
VTB-Condorcet IRV;w_is_not_condorcet_winner_rk_ctb;;;0,2456;0,2456;10000;33;5;Spheroid;Stretching;1
VTB-Condorcet IRV;w_missed_condorcet_winner_rk_ctb;;;0;0;10000;33;5;Spheroid;Stretching;1
VTB-Condorcet IRV;w_is_condorcet_winner_rk;;;0,7544;0,7544;10000;33;5;Spheroid;Stretching;1
VTB-Condorcet IRV;w_is_not_condorcet_winner_rk;;;0,2456;0,2456;10000;33;5;Spheroid;Stretching;1
VTB-Condorcet IRV;w_missed_condorcet_winner_rk;;;0;0;10000;33;5;Spheroid;Stretching;1
VTB-Condorcet IRV;w_is_condorcet_winner_ut_rel_ctb;;;0,7544;0,7544;10000;33;5;Spheroid;Stretching;1
VTB-Condorcet IRV;w_is_not_condorcet_winner_ut_rel_ctb;;;0,2456;0,2456;10000;33;5;Spheroid;Stretching;1
VTB-Condorcet IRV;w_missed_condorcet_winner_ut_rel_ctb;;;0;0;10000;33;5;Spheroid;Stretching;1
VTB-Condorcet IRV;w_is_condorcet_winner_ut_rel;;;0,7544;0,7544;10000;33;5;Spheroid;Stretching;1
VTB-Condorcet IRV;w_is_not_condorcet_winner_ut_rel;;;0,2456;0,2456;10000;33;5;Spheroid;Stretching;1
VTB-Condorcet IRV;w_missed_condorcet_winner_ut_rel;;;0;0;10000;33;5;Spheroid;Stretching;1
VTB-Condorcet IRV;w_is_condorcet_winner_ut_abs_ctb;;;0,7544;0,7544;10000;33;5;Spheroid;Stretching;1
VTB-Condorcet IRV;w_is_not_condorcet_winner_ut_abs_ctb;;;0,2456;0,2456;10000;33;5;Spheroid;Stretching;1
VTB-Condorcet IRV;w_missed_condorcet_winner_ut_abs_ctb;;;0;0;10000;33;5;Spheroid;Stretching;1
VTB-Condorcet IRV;w_is_condorcet_winner_ut_abs;;;0,7544;0,7544;10000;33;5;Spheroid;Stretching;1
VTB-Condorcet IRV;w_is_not_condorcet_winner_ut_abs;;;0,2456;0,2456;10000;33;5;Spheroid;Stretching;1
VTB-Condorcet IRV;w_missed_condorcet_winner_ut_abs;;;0;0;10000;33;5;Spheroid;Stretching;1
VTB-Condorcet IRV;w_is_resistant_condorcet_winner;;;0,0037;0,0037;10000;33;5;Spheroid;Stretching;1
VTB-Condorcet IRV;w_is_not_resistant_condorcet_winner;;;0,9963;0,9963;10000;33;5;Spheroid;Stretching;1
VTB-Condorcet IRV;w_missed_resistant_condorcet_winner;;;0;0;10000;33;5;Spheroid;Stretching;1
VTB-Condorcet IRV;TM;TM_option = exact;65,179502;0,2724;0,2724;10000;33;5;Spheroid;Stretching;1
VTB-Condorcet IRV;UM;UM_option = exact;3325,350918;0,2729;0,2729;10000;33;5;Spheroid;Stretching;1
VTB-Condorcet IRV;ICM;ICM_option = exact;0,888549;0,2456;0,2456;10000;33;5;Spheroid;Stretching;1
VTB-Condorcet IRV;CM;CM_option = almost_exact, TM_option = exact;31,269362;0,4394;0,4394;10000;33;5;Spheroid;Stretching;1
